# https://github.com/mikedh/trimesh
v -0.00000000 0.00000000 0.50016480
v -0.00000000 0.00000000 -0.50016480
v 0.02493116 0.00000000 0.49954307
v 0.04980033 0.00000000 0.49767936
v 0.07454569 0.00000000 0.49457836
v 0.09910573 0.00000000 0.49024779
v 0.12341936 0.00000000 0.48469836
v 0.14742616 0.00000000 0.47794389
v 0.17106644 0.00000000 0.47000117
v 0.19428141 0.00000000 0.46088997
v 0.21701338 0.00000000 0.45063291
v 0.23920581 0.00000000 0.43925553
v 0.26080354 0.00000000 0.42678606
v 0.28175286 0.00000000 0.41325556
v 0.30200171 0.00000000 0.39869762
v 0.32149975 0.00000000 0.38314848
v 0.34019846 0.00000000 0.36664673
v 0.35805140 0.00000000 0.34923350
v 0.37501416 0.00000000 0.33095198
v 0.39104460 0.00000000 0.31184765
v 0.40610282 0.00000000 0.29196804
v 0.42015141 0.00000000 0.27136255
v 0.43315542 0.00000000 0.25008240
v 0.44508257 0.00000000 0.22818052
v 0.45590316 0.00000000 0.20571134
v 0.46559027 0.00000000 0.18273073
v 0.47411988 0.00000000 0.15929581
v 0.48147079 0.00000000 0.13546487
v 0.48762462 0.00000000 0.11129714
v 0.49256617 0.00000000 0.08685271
v 0.49628314 0.00000000 0.06219234
v 0.49876626 0.00000000 0.03737736
v 0.50000934 0.00000000 0.01246945
v 0.50000934 0.00000000 -0.01246945
v 0.49876626 0.00000000 -0.03737736
v 0.49628314 0.00000000 -0.06219234
v 0.49256617 0.00000000 -0.08685271
v 0.48762462 0.00000000 -0.11129714
v 0.48147079 0.00000000 -0.13546487
v 0.47411988 0.00000000 -0.15929581
v 0.46559027 0.00000000 -0.18273073
v 0.45590316 0.00000000 -0.20571134
v 0.44508257 0.00000000 -0.22818052
v 0.43315542 0.00000000 -0.25008240
v 0.42015141 0.00000000 -0.27136255
v 0.40610282 0.00000000 -0.29196804
v 0.39104460 0.00000000 -0.31184765
v 0.37501416 0.00000000 -0.33095198
v 0.35805140 0.00000000 -0.34923350
v 0.34019846 0.00000000 -0.36664673
v 0.32149975 0.00000000 -0.38314848
v 0.30200171 0.00000000 -0.39869762
v 0.28175286 0.00000000 -0.41325556
v 0.26080354 0.00000000 -0.42678606
v 0.23920581 0.00000000 -0.43925553
v 0.21701338 0.00000000 -0.45063291
v 0.19428141 0.00000000 -0.46088997
v 0.17106644 0.00000000 -0.47000117
v 0.14742616 0.00000000 -0.47794389
v 0.12341936 0.00000000 -0.48469836
v 0.09910573 0.00000000 -0.49024779
v 0.07454569 0.00000000 -0.49457836
v 0.04980033 0.00000000 -0.49767936
v 0.02493116 0.00000000 -0.49954307
v 0.02481111 0.00244368 0.49954307
v 0.04956053 0.00488129 0.49767936
v 0.07418674 0.00730676 0.49457836
v 0.09862851 0.00971406 0.49024779
v 0.12282507 0.01209721 0.48469836
v 0.14671626 0.01445029 0.47794389
v 0.17024271 0.01676744 0.47000117
v 0.19334589 0.01904291 0.46088997
v 0.21596840 0.02127103 0.45063291
v 0.23805396 0.02344627 0.43925553
v 0.25954769 0.02556322 0.42678606
v 0.28039615 0.02761661 0.41325556
v 0.30054749 0.02960134 0.39869762
v 0.31995163 0.03151248 0.38314848
v 0.33856031 0.03334528 0.36664673
v 0.35632728 0.03509517 0.34923350
v 0.37320838 0.03675782 0.33095198
v 0.38916162 0.03832907 0.31184765
v 0.40414733 0.03980504 0.29196804
v 0.41812827 0.04118204 0.27136255
v 0.43106966 0.04245665 0.25008240
v 0.44293937 0.04362572 0.22818052
v 0.45370785 0.04468632 0.20571134
v 0.46334836 0.04563583 0.18273073
v 0.47183687 0.04647188 0.15929581
v 0.47915236 0.04719239 0.13546487
v 0.48527659 0.04779557 0.11129714
v 0.49019432 0.04827993 0.08685271
v 0.49389340 0.04864425 0.06219234
v 0.49636453 0.04888764 0.03737736
v 0.49760167 0.04900949 0.01246945
v 0.49760167 0.04900949 -0.01246945
v 0.49636453 0.04888764 -0.03737736
v 0.49389340 0.04864425 -0.06219234
v 0.49019432 0.04827993 -0.08685271
v 0.48527659 0.04779557 -0.11129714
v 0.47915236 0.04719239 -0.13546487
v 0.47183687 0.04647188 -0.15929581
v 0.46334836 0.04563583 -0.18273073
v 0.45370785 0.04468632 -0.20571134
v 0.44293937 0.04362572 -0.22818052
v 0.43106966 0.04245665 -0.25008240
v 0.41812827 0.04118204 -0.27136255
v 0.40414733 0.03980504 -0.29196804
v 0.38916162 0.03832907 -0.31184765
v 0.37320838 0.03675782 -0.33095198
v 0.35632728 0.03509517 -0.34923350
v 0.33856031 0.03334528 -0.36664673
v 0.31995163 0.03151248 -0.38314848
v 0.30054749 0.02960134 -0.39869762
v 0.28039615 0.02761661 -0.41325556
v 0.25954769 0.02556322 -0.42678606
v 0.23805396 0.02344627 -0.43925553
v 0.21596840 0.02127103 -0.45063291
v 0.19334589 0.01904291 -0.46088997
v 0.17024271 0.01676744 -0.47000117
v 0.14671626 0.01445029 -0.47794389
v 0.12282507 0.01209721 -0.48469836
v 0.09862851 0.00971406 -0.49024779
v 0.07418674 0.00730676 -0.49457836
v 0.04956053 0.00488129 -0.49767936
v 0.02481111 0.00244368 -0.49954307
v 0.02445211 0.00486383 0.49954307
v 0.04884343 0.00971556 0.49767936
v 0.07311332 0.01454314 0.49457836
v 0.09720144 0.01933457 0.49024779
v 0.12104790 0.02407792 0.48469836
v 0.14459341 0.02876142 0.47794389
v 0.16777943 0.03337341 0.47000117
v 0.19054836 0.03790242 0.46088997
v 0.21284353 0.04233721 0.45063291
v 0.23460953 0.04666674 0.43925553
v 0.25579227 0.05088025 0.42678606
v 0.27633907 0.05496726 0.41325556
v 0.29619884 0.05891761 0.39869762
v 0.31532221 0.06272149 0.38314848
v 0.33366165 0.06636943 0.36664673
v 0.35117154 0.06985236 0.34923350
v 0.36780838 0.07316163 0.33095198
v 0.38353076 0.07628901 0.31184765
v 0.39829965 0.07922673 0.29196804
v 0.41207830 0.08196747 0.27136255
v 0.42483248 0.08450443 0.25008240
v 0.43653044 0.08683130 0.22818052
v 0.44714311 0.08894229 0.20571134
v 0.45664411 0.09083216 0.18273073
v 0.46500983 0.09249620 0.15929581
v 0.47221942 0.09393029 0.13546487
v 0.47825504 0.09513084 0.11129714
v 0.48310165 0.09609490 0.08685271
v 0.48674718 0.09682003 0.06219234
v 0.48918260 0.09730447 0.03737736
v 0.49040180 0.09754698 0.01246945
v 0.49040180 0.09754698 -0.01246945
v 0.48918260 0.09730447 -0.03737736
v 0.48674718 0.09682003 -0.06219234
v 0.48310165 0.09609490 -0.08685271
v 0.47825504 0.09513084 -0.11129714
v 0.47221942 0.09393029 -0.13546487
v 0.46500983 0.09249620 -0.15929581
v 0.45664411 0.09083216 -0.18273073
v 0.44714311 0.08894229 -0.20571134
v 0.43653044 0.08683130 -0.22818052
v 0.42483248 0.08450443 -0.25008240
v 0.41207830 0.08196747 -0.27136255
v 0.39829965 0.07922673 -0.29196804
v 0.38353076 0.07628901 -0.31184765
v 0.36780838 0.07316163 -0.33095198
v 0.35117154 0.06985236 -0.34923350
v 0.33366165 0.06636943 -0.36664673
v 0.31532221 0.06272149 -0.38314848
v 0.29619884 0.05891761 -0.39869762
v 0.27633907 0.05496726 -0.41325556
v 0.25579227 0.05088025 -0.42678606
v 0.23460953 0.04666674 -0.43925553
v 0.21284353 0.04233721 -0.45063291
v 0.19054836 0.03790242 -0.46088997
v 0.16777943 0.03337341 -0.47000117
v 0.14459341 0.02876142 -0.47794389
v 0.12104790 0.02407792 -0.48469836
v 0.09720144 0.01933457 -0.49024779
v 0.07311332 0.01454314 -0.49457836
v 0.04884343 0.00971556 -0.49767936
v 0.02445211 0.00486383 -0.49954307
v 0.02385763 0.00723713 0.49954307
v 0.04765595 0.01445627 0.49767936
v 0.07133578 0.02163947 0.49457836
v 0.09483826 0.02876887 0.49024779
v 0.11810497 0.03582675 0.48469836
v 0.14107805 0.04279555 0.47794389
v 0.16370037 0.04965797 0.47000117
v 0.18591571 0.05639692 0.46088997
v 0.20766885 0.06299566 0.45063291
v 0.22890569 0.06943778 0.43925553
v 0.24957343 0.07570727 0.42678606
v 0.26962068 0.08178854 0.41325556
v 0.28899762 0.08766647 0.39869762
v 0.30765608 0.09332645 0.38314848
v 0.32554962 0.09875440 0.36664673
v 0.34263384 0.10393683 0.34923350
v 0.35886619 0.10886087 0.33095198
v 0.37420632 0.11351425 0.31184765
v 0.38861617 0.11788543 0.29196804
v 0.40205982 0.12196351 0.27136255
v 0.41450391 0.12573839 0.25008240
v 0.42591747 0.12920065 0.22818052
v 0.43627210 0.13234169 0.20571134
v 0.44554212 0.13515373 0.18273073
v 0.45370445 0.13762974 0.15929581
v 0.46073878 0.13976358 0.13546487
v 0.46662768 0.14154996 0.11129714
v 0.47135645 0.14298441 0.08685271
v 0.47491333 0.14406339 0.06219234
v 0.47728953 0.14478420 0.03737736
v 0.47847912 0.14514505 0.01246945
v 0.47847912 0.14514505 -0.01246945
v 0.47728953 0.14478420 -0.03737736
v 0.47491333 0.14406339 -0.06219234
v 0.47135645 0.14298441 -0.08685271
v 0.46662768 0.14154996 -0.11129714
v 0.46073878 0.13976358 -0.13546487
v 0.45370445 0.13762974 -0.15929581
v 0.44554212 0.13515373 -0.18273073
v 0.43627210 0.13234169 -0.20571134
v 0.42591747 0.12920065 -0.22818052
v 0.41450391 0.12573839 -0.25008240
v 0.40205982 0.12196351 -0.27136255
v 0.38861617 0.11788543 -0.29196804
v 0.37420632 0.11351425 -0.31184765
v 0.35886619 0.10886087 -0.33095198
v 0.34263384 0.10393683 -0.34923350
v 0.32554962 0.09875440 -0.36664673
v 0.30765608 0.09332645 -0.38314848
v 0.28899762 0.08766647 -0.39869762
v 0.26962068 0.08178854 -0.41325556
v 0.24957343 0.07570727 -0.42678606
v 0.22890569 0.06943778 -0.43925553
v 0.20766885 0.06299566 -0.45063291
v 0.18591571 0.05639692 -0.46088997
v 0.16370037 0.04965797 -0.47000117
v 0.14107805 0.04279555 -0.47794389
v 0.11810497 0.03582675 -0.48469836
v 0.09483826 0.02876887 -0.49024779
v 0.07133578 0.02163947 -0.49457836
v 0.04765595 0.01445627 -0.49767936
v 0.02385763 0.00723713 -0.49954307
v 0.02303339 0.00954074 0.49954307
v 0.04600951 0.01905776 0.49767936
v 0.06887124 0.02852740 0.49457836
v 0.09156175 0.03792612 0.49024779
v 0.11402463 0.04723055 0.48469836
v 0.13620401 0.05641755 0.47794389
v 0.15804478 0.06546429 0.47000117
v 0.17949262 0.07434828 0.46088997
v 0.20049422 0.08304742 0.45063291
v 0.22099735 0.09154010 0.43925553
v 0.24095105 0.09980520 0.42678606
v 0.26030571 0.10782215 0.41325556
v 0.27901320 0.11557105 0.39869762
v 0.29702702 0.12303263 0.38314848
v 0.31430240 0.13018831 0.36664673
v 0.33079637 0.13702034 0.34923350
v 0.34646792 0.14351171 0.33095198
v 0.36127810 0.14964629 0.31184765
v 0.37519008 0.15540882 0.29196804
v 0.38816928 0.16078498 0.27136255
v 0.40018343 0.16576141 0.25008240
v 0.41120265 0.17032573 0.22818052
v 0.42119958 0.17446659 0.20571134
v 0.43014932 0.17817369 0.18273073
v 0.43802965 0.18143782 0.15929581
v 0.44482098 0.18425089 0.13546487
v 0.45050641 0.18660587 0.11129714
v 0.45507182 0.18849692 0.08685271
v 0.45850584 0.18991934 0.06219234
v 0.46079991 0.19086959 0.03737736
v 0.46194840 0.19134530 0.01246945
v 0.46194840 0.19134530 -0.01246945
v 0.46079991 0.19086959 -0.03737736
v 0.45850584 0.18991934 -0.06219234
v 0.45507182 0.18849692 -0.08685271
v 0.45050641 0.18660587 -0.11129714
v 0.44482098 0.18425089 -0.13546487
v 0.43802965 0.18143782 -0.15929581
v 0.43014932 0.17817369 -0.18273073
v 0.42119958 0.17446659 -0.20571134
v 0.41120265 0.17032573 -0.22818052
v 0.40018343 0.16576141 -0.25008240
v 0.38816928 0.16078498 -0.27136255
v 0.37519008 0.15540882 -0.29196804
v 0.36127810 0.14964629 -0.31184765
v 0.34646792 0.14351171 -0.33095198
v 0.33079637 0.13702034 -0.34923350
v 0.31430240 0.13018831 -0.36664673
v 0.29702702 0.12303263 -0.38314848
v 0.27901320 0.11557105 -0.39869762
v 0.26030571 0.10782215 -0.41325556
v 0.24095105 0.09980520 -0.42678606
v 0.22099735 0.09154010 -0.43925553
v 0.20049422 0.08304742 -0.45063291
v 0.17949262 0.07434828 -0.46088997
v 0.15804478 0.06546429 -0.47000117
v 0.13620401 0.05641755 -0.47794389
v 0.11402463 0.04723055 -0.48469836
v 0.09156175 0.03792612 -0.49024779
v 0.06887124 0.02852740 -0.49457836
v 0.04600951 0.01905776 -0.49767936
v 0.02303339 0.00954074 -0.49954307
v 0.02198732 0.01175247 0.49954307
v 0.04391997 0.02347571 0.49767936
v 0.06574344 0.03514060 0.49457836
v 0.08740345 0.04671812 0.49024779
v 0.10884617 0.05817948 0.48469836
v 0.13001826 0.06949621 0.47794389
v 0.15086713 0.08064016 0.47000117
v 0.17134090 0.09158363 0.46088997
v 0.19138871 0.10229940 0.45063291
v 0.21096068 0.11276084 0.43925553
v 0.23000819 0.12294194 0.42678606
v 0.24848384 0.13281738 0.41325556
v 0.26634173 0.14236262 0.39869762
v 0.28353745 0.15155393 0.38314848
v 0.30002827 0.16036845 0.36664673
v 0.31577314 0.16878427 0.34923350
v 0.33073298 0.17678045 0.33095198
v 0.34487052 0.18433715 0.31184765
v 0.35815069 0.19143555 0.29196804
v 0.37054045 0.19805800 0.27136255
v 0.38200900 0.20418805 0.25008240
v 0.39252779 0.20981046 0.22818052
v 0.40207069 0.21491126 0.20571134
v 0.41061397 0.21947774 0.18273073
v 0.41813643 0.22349857 0.15929581
v 0.42461932 0.22696375 0.13546487
v 0.43004652 0.22986465 0.11129714
v 0.43440457 0.23219408 0.08685271
v 0.43768263 0.23394626 0.06219234
v 0.43987257 0.23511678 0.03737736
v 0.44096885 0.23570278 0.01246945
v 0.44096885 0.23570278 -0.01246945
v 0.43987257 0.23511678 -0.03737736
v 0.43768263 0.23394626 -0.06219234
v 0.43440457 0.23219408 -0.08685271
v 0.43004652 0.22986465 -0.11129714
v 0.42461932 0.22696375 -0.13546487
v 0.41813643 0.22349857 -0.15929581
v 0.41061397 0.21947774 -0.18273073
v 0.40207069 0.21491126 -0.20571134
v 0.39252779 0.20981046 -0.22818052
v 0.38200900 0.20418805 -0.25008240
v 0.37054045 0.19805800 -0.27136255
v 0.35815069 0.19143555 -0.29196804
v 0.34487052 0.18433715 -0.31184765
v 0.33073298 0.17678045 -0.33095198
v 0.31577314 0.16878427 -0.34923350
v 0.30002827 0.16036845 -0.36664673
v 0.28353745 0.15155393 -0.38314848
v 0.26634173 0.14236262 -0.39869762
v 0.24848384 0.13281738 -0.41325556
v 0.23000819 0.12294194 -0.42678606
v 0.21096068 0.11276084 -0.43925553
v 0.19138871 0.10229940 -0.45063291
v 0.17134090 0.09158363 -0.46088997
v 0.15086713 0.08064016 -0.47000117
v 0.13001826 0.06949621 -0.47794389
v 0.10884617 0.05817948 -0.48469836
v 0.08740345 0.04671812 -0.49024779
v 0.06574344 0.03514060 -0.49457836
v 0.04391997 0.02347571 -0.49767936
v 0.02198732 0.01175247 -0.49954307
v 0.02072950 0.01385101 0.49954307
v 0.04140746 0.02766758 0.49767936
v 0.06198248 0.04141537 0.49457836
v 0.08240340 0.05506019 0.49024779
v 0.10261945 0.06856813 0.48469836
v 0.12258038 0.08190559 0.47794389
v 0.14223654 0.09503942 0.47000117
v 0.16153909 0.10793697 0.46088997
v 0.18044003 0.12056617 0.45063291
v 0.19889236 0.13289563 0.43925553
v 0.21685021 0.14489468 0.42678606
v 0.23426895 0.15653350 0.41325556
v 0.25110525 0.16778316 0.39869762
v 0.26731726 0.17861568 0.38314848
v 0.28286468 0.18900414 0.36664673
v 0.29770885 0.19892270 0.34923350
v 0.31181289 0.20834671 0.33095198
v 0.32514169 0.21725273 0.31184765
v 0.33766215 0.22561864 0.29196804
v 0.34934313 0.23342360 0.27136255
v 0.36015556 0.24064826 0.25008240
v 0.37007261 0.24727462 0.22818052
v 0.37906961 0.25328622 0.20571134
v 0.38712417 0.25866811 0.18273073
v 0.39421627 0.26340689 0.15929581
v 0.40032833 0.26749082 0.13546487
v 0.40544506 0.27090973 0.11129714
v 0.40955382 0.27365510 0.08685271
v 0.41264436 0.27572014 0.06219234
v 0.41470898 0.27709968 0.03737736
v 0.41574257 0.27779032 0.01246945
v 0.41574257 0.27779032 -0.01246945
v 0.41470898 0.27709968 -0.03737736
v 0.41264436 0.27572014 -0.06219234
v 0.40955382 0.27365510 -0.08685271
v 0.40544506 0.27090973 -0.11129714
v 0.40032833 0.26749082 -0.13546487
v 0.39421627 0.26340689 -0.15929581
v 0.38712417 0.25866811 -0.18273073
v 0.37906961 0.25328622 -0.20571134
v 0.37007261 0.24727462 -0.22818052
v 0.36015556 0.24064826 -0.25008240
v 0.34934313 0.23342360 -0.27136255
v 0.33766215 0.22561864 -0.29196804
v 0.32514169 0.21725273 -0.31184765
v 0.31181289 0.20834671 -0.33095198
v 0.29770885 0.19892270 -0.34923350
v 0.28286468 0.18900414 -0.36664673
v 0.26731726 0.17861568 -0.38314848
v 0.25110525 0.16778316 -0.39869762
v 0.23426895 0.15653350 -0.41325556
v 0.21685021 0.14489468 -0.42678606
v 0.19889236 0.13289563 -0.43925553
v 0.18044003 0.12056617 -0.45063291
v 0.16153909 0.10793697 -0.46088997
v 0.14223654 0.09503942 -0.47000117
v 0.12258038 0.08190559 -0.47794389
v 0.10261945 0.06856813 -0.48469836
v 0.08240340 0.05506019 -0.49024779
v 0.06198248 0.04141537 -0.49457836
v 0.04140746 0.02766758 -0.49767936
v 0.02072950 0.01385101 -0.49954307
v 0.01927205 0.01581616 0.49954307
v 0.03849618 0.03159300 0.49767936
v 0.05762460 0.04729129 0.49457836
v 0.07660976 0.06287201 0.49024779
v 0.09540446 0.07829642 0.48469836
v 0.11396197 0.09352617 0.47794389
v 0.13223615 0.10852340 0.47000117
v 0.15018156 0.12325082 0.46088997
v 0.16775360 0.13767183 0.45063291
v 0.18490859 0.15175056 0.43925553
v 0.20160387 0.16545201 0.42678606
v 0.21779792 0.17874212 0.41325556
v 0.23345049 0.19158786 0.39869762
v 0.24852265 0.20395728 0.38314848
v 0.26297697 0.21581961 0.36664673
v 0.27677748 0.22714540 0.34923350
v 0.28988987 0.23790647 0.33095198
v 0.30228155 0.24807607 0.31184765
v 0.31392172 0.25762889 0.29196804
v 0.32478143 0.26654122 0.27136255
v 0.33483369 0.27479090 0.25008240
v 0.34405345 0.28235738 0.22818052
v 0.35241791 0.28922189 0.20571134
v 0.35990615 0.29536735 0.18273073
v 0.36649962 0.30077848 0.15929581
v 0.37218192 0.30544183 0.13546487
v 0.37693893 0.30934578 0.11129714
v 0.38075881 0.31248068 0.08685271
v 0.38363204 0.31483867 0.06219234
v 0.38555150 0.31641396 0.03737736
v 0.38651243 0.31720256 0.01246945
v 0.38651243 0.31720256 -0.01246945
v 0.38555150 0.31641396 -0.03737736
v 0.38363204 0.31483867 -0.06219234
v 0.38075881 0.31248068 -0.08685271
v 0.37693893 0.30934578 -0.11129714
v 0.37218192 0.30544183 -0.13546487
v 0.36649962 0.30077848 -0.15929581
v 0.35990615 0.29536735 -0.18273073
v 0.35241791 0.28922189 -0.20571134
v 0.34405345 0.28235738 -0.22818052
v 0.33483369 0.27479090 -0.25008240
v 0.32478143 0.26654122 -0.27136255
v 0.31392172 0.25762889 -0.29196804
v 0.30228155 0.24807607 -0.31184765
v 0.28988987 0.23790647 -0.33095198
v 0.27677748 0.22714540 -0.34923350
v 0.26297697 0.21581961 -0.36664673
v 0.24852265 0.20395728 -0.38314848
v 0.23345049 0.19158786 -0.39869762
v 0.21779792 0.17874212 -0.41325556
v 0.20160387 0.16545201 -0.42678606
v 0.18490859 0.15175056 -0.43925553
v 0.16775360 0.13767183 -0.45063291
v 0.15018156 0.12325082 -0.46088997
v 0.13223615 0.10852340 -0.47000117
v 0.11396197 0.09352617 -0.47794389
v 0.09540446 0.07829642 -0.48469836
v 0.07660976 0.06287201 -0.49024779
v 0.05762460 0.04729129 -0.49457836
v 0.03849618 0.03159300 -0.49767936
v 0.01927205 0.01581616 -0.49954307
v 0.01762899 0.01762899 0.49954307
v 0.03521415 0.03521415 0.49767936
v 0.05271177 0.05271177 0.49457836
v 0.07007833 0.07007833 0.49024779
v 0.08727067 0.08727067 0.48469836
v 0.10424604 0.10424604 0.47794389
v 0.12096224 0.12096224 0.47000117
v 0.13737771 0.13737771 0.46088997
v 0.15345163 0.15345163 0.45063291
v 0.16914404 0.16914404 0.43925553
v 0.18441595 0.18441595 0.42678606
v 0.19922937 0.19922937 0.41325556
v 0.21354746 0.21354746 0.39869762
v 0.22733464 0.22733464 0.38314848
v 0.24055663 0.24055663 0.36664673
v 0.25318058 0.25318058 0.34923350
v 0.26517506 0.26517506 0.33095198
v 0.27651027 0.27651027 0.31184765
v 0.28715805 0.28715805 0.29196804
v 0.29709191 0.29709191 0.27136255
v 0.30628714 0.30628714 0.25008240
v 0.31472090 0.31472090 0.22818052
v 0.32237219 0.32237219 0.20571134
v 0.32922206 0.32922206 0.18273073
v 0.33525340 0.33525340 0.15929581
v 0.34045123 0.34045123 0.13546487
v 0.34480268 0.34480268 0.11129714
v 0.34829687 0.34829687 0.08685271
v 0.35092515 0.35092515 0.06219234
v 0.35268098 0.35268098 0.03737736
v 0.35355999 0.35355999 0.01246945
v 0.35355999 0.35355999 -0.01246945
v 0.35268098 0.35268098 -0.03737736
v 0.35092515 0.35092515 -0.06219234
v 0.34829687 0.34829687 -0.08685271
v 0.34480268 0.34480268 -0.11129714
v 0.34045123 0.34045123 -0.13546487
v 0.33525340 0.33525340 -0.15929581
v 0.32922206 0.32922206 -0.18273073
v 0.32237219 0.32237219 -0.20571134
v 0.31472090 0.31472090 -0.22818052
v 0.30628714 0.30628714 -0.25008240
v 0.29709191 0.29709191 -0.27136255
v 0.28715805 0.28715805 -0.29196804
v 0.27651027 0.27651027 -0.31184765
v 0.26517506 0.26517506 -0.33095198
v 0.25318058 0.25318058 -0.34923350
v 0.24055663 0.24055663 -0.36664673
v 0.22733464 0.22733464 -0.38314848
v 0.21354746 0.21354746 -0.39869762
v 0.19922937 0.19922937 -0.41325556
v 0.18441595 0.18441595 -0.42678606
v 0.16914404 0.16914404 -0.43925553
v 0.15345163 0.15345163 -0.45063291
v 0.13737771 0.13737771 -0.46088997
v 0.12096224 0.12096224 -0.47000117
v 0.10424604 0.10424604 -0.47794389
v 0.08727067 0.08727067 -0.48469836
v 0.07007833 0.07007833 -0.49024779
v 0.05271177 0.05271177 -0.49457836
v 0.03521415 0.03521415 -0.49767936
v 0.01762899 0.01762899 -0.49954307
v 0.01581616 0.01927205 0.49954307
v 0.03159300 0.03849618 0.49767936
v 0.04729129 0.05762460 0.49457836
v 0.06287201 0.07660976 0.49024779
v 0.07829642 0.09540446 0.48469836
v 0.09352617 0.11396197 0.47794389
v 0.10852340 0.13223615 0.47000117
v 0.12325082 0.15018156 0.46088997
v 0.13767183 0.16775360 0.45063291
v 0.15175056 0.18490859 0.43925553
v 0.16545201 0.20160387 0.42678606
v 0.17874212 0.21779792 0.41325556
v 0.19158786 0.23345049 0.39869762
v 0.20395728 0.24852265 0.38314848
v 0.21581961 0.26297697 0.36664673
v 0.22714540 0.27677748 0.34923350
v 0.23790647 0.28988987 0.33095198
v 0.24807607 0.30228155 0.31184765
v 0.25762889 0.31392172 0.29196804
v 0.26654122 0.32478143 0.27136255
v 0.27479090 0.33483369 0.25008240
v 0.28235738 0.34405345 0.22818052
v 0.28922189 0.35241791 0.20571134
v 0.29536735 0.35990615 0.18273073
v 0.30077848 0.36649962 0.15929581
v 0.30544183 0.37218192 0.13546487
v 0.30934578 0.37693893 0.11129714
v 0.31248068 0.38075881 0.08685271
v 0.31483867 0.38363204 0.06219234
v 0.31641396 0.38555150 0.03737736
v 0.31720256 0.38651243 0.01246945
v 0.31720256 0.38651243 -0.01246945
v 0.31641396 0.38555150 -0.03737736
v 0.31483867 0.38363204 -0.06219234
v 0.31248068 0.38075881 -0.08685271
v 0.30934578 0.37693893 -0.11129714
v 0.30544183 0.37218192 -0.13546487
v 0.30077848 0.36649962 -0.15929581
v 0.29536735 0.35990615 -0.18273073
v 0.28922189 0.35241791 -0.20571134
v 0.28235738 0.34405345 -0.22818052
v 0.27479090 0.33483369 -0.25008240
v 0.26654122 0.32478143 -0.27136255
v 0.25762889 0.31392172 -0.29196804
v 0.24807607 0.30228155 -0.31184765
v 0.23790647 0.28988987 -0.33095198
v 0.22714540 0.27677748 -0.34923350
v 0.21581961 0.26297697 -0.36664673
v 0.20395728 0.24852265 -0.38314848
v 0.19158786 0.23345049 -0.39869762
v 0.17874212 0.21779792 -0.41325556
v 0.16545201 0.20160387 -0.42678606
v 0.15175056 0.18490859 -0.43925553
v 0.13767183 0.16775360 -0.45063291
v 0.12325082 0.15018156 -0.46088997
v 0.10852340 0.13223615 -0.47000117
v 0.09352617 0.11396197 -0.47794389
v 0.07829642 0.09540446 -0.48469836
v 0.06287201 0.07660976 -0.49024779
v 0.04729129 0.05762460 -0.49457836
v 0.03159300 0.03849618 -0.49767936
v 0.01581616 0.01927205 -0.49954307
v 0.01385101 0.02072950 0.49954307
v 0.02766758 0.04140746 0.49767936
v 0.04141537 0.06198248 0.49457836
v 0.05506019 0.08240340 0.49024779
v 0.06856813 0.10261945 0.48469836
v 0.08190559 0.12258038 0.47794389
v 0.09503942 0.14223654 0.47000117
v 0.10793697 0.16153909 0.46088997
v 0.12056617 0.18044003 0.45063291
v 0.13289563 0.19889236 0.43925553
v 0.14489468 0.21685021 0.42678606
v 0.15653350 0.23426895 0.41325556
v 0.16778316 0.25110525 0.39869762
v 0.17861568 0.26731726 0.38314848
v 0.18900414 0.28286468 0.36664673
v 0.19892270 0.29770885 0.34923350
v 0.20834671 0.31181289 0.33095198
v 0.21725273 0.32514169 0.31184765
v 0.22561864 0.33766215 0.29196804
v 0.23342360 0.34934313 0.27136255
v 0.24064826 0.36015556 0.25008240
v 0.24727462 0.37007261 0.22818052
v 0.25328622 0.37906961 0.20571134
v 0.25866811 0.38712417 0.18273073
v 0.26340689 0.39421627 0.15929581
v 0.26749082 0.40032833 0.13546487
v 0.27090973 0.40544506 0.11129714
v 0.27365510 0.40955382 0.08685271
v 0.27572014 0.41264436 0.06219234
v 0.27709968 0.41470898 0.03737736
v 0.27779032 0.41574257 0.01246945
v 0.27779032 0.41574257 -0.01246945
v 0.27709968 0.41470898 -0.03737736
v 0.27572014 0.41264436 -0.06219234
v 0.27365510 0.40955382 -0.08685271
v 0.27090973 0.40544506 -0.11129714
v 0.26749082 0.40032833 -0.13546487
v 0.26340689 0.39421627 -0.15929581
v 0.25866811 0.38712417 -0.18273073
v 0.25328622 0.37906961 -0.20571134
v 0.24727462 0.37007261 -0.22818052
v 0.24064826 0.36015556 -0.25008240
v 0.23342360 0.34934313 -0.27136255
v 0.22561864 0.33766215 -0.29196804
v 0.21725273 0.32514169 -0.31184765
v 0.20834671 0.31181289 -0.33095198
v 0.19892270 0.29770885 -0.34923350
v 0.18900414 0.28286468 -0.36664673
v 0.17861568 0.26731726 -0.38314848
v 0.16778316 0.25110525 -0.39869762
v 0.15653350 0.23426895 -0.41325556
v 0.14489468 0.21685021 -0.42678606
v 0.13289563 0.19889236 -0.43925553
v 0.12056617 0.18044003 -0.45063291
v 0.10793697 0.16153909 -0.46088997
v 0.09503942 0.14223654 -0.47000117
v 0.08190559 0.12258038 -0.47794389
v 0.06856813 0.10261945 -0.48469836
v 0.05506019 0.08240340 -0.49024779
v 0.04141537 0.06198248 -0.49457836
v 0.02766758 0.04140746 -0.49767936
v 0.01385101 0.02072950 -0.49954307
v 0.01175247 0.02198732 0.49954307
v 0.02347571 0.04391997 0.49767936
v 0.03514060 0.06574344 0.49457836
v 0.04671812 0.08740345 0.49024779
v 0.05817948 0.10884617 0.48469836
v 0.06949621 0.13001826 0.47794389
v 0.08064016 0.15086713 0.47000117
v 0.09158363 0.17134090 0.46088997
v 0.10229940 0.19138871 0.45063291
v 0.11276084 0.21096068 0.43925553
v 0.12294194 0.23000819 0.42678606
v 0.13281738 0.24848384 0.41325556
v 0.14236262 0.26634173 0.39869762
v 0.15155393 0.28353745 0.38314848
v 0.16036845 0.30002827 0.36664673
v 0.16878427 0.31577314 0.34923350
v 0.17678045 0.33073298 0.33095198
v 0.18433715 0.34487052 0.31184765
v 0.19143555 0.35815069 0.29196804
v 0.19805800 0.37054045 0.27136255
v 0.20418805 0.38200900 0.25008240
v 0.20981046 0.39252779 0.22818052
v 0.21491126 0.40207069 0.20571134
v 0.21947774 0.41061397 0.18273073
v 0.22349857 0.41813643 0.15929581
v 0.22696375 0.42461932 0.13546487
v 0.22986465 0.43004652 0.11129714
v 0.23219408 0.43440457 0.08685271
v 0.23394626 0.43768263 0.06219234
v 0.23511678 0.43987257 0.03737736
v 0.23570278 0.44096885 0.01246945
v 0.23570278 0.44096885 -0.01246945
v 0.23511678 0.43987257 -0.03737736
v 0.23394626 0.43768263 -0.06219234
v 0.23219408 0.43440457 -0.08685271
v 0.22986465 0.43004652 -0.11129714
v 0.22696375 0.42461932 -0.13546487
v 0.22349857 0.41813643 -0.15929581
v 0.21947774 0.41061397 -0.18273073
v 0.21491126 0.40207069 -0.20571134
v 0.20981046 0.39252779 -0.22818052
v 0.20418805 0.38200900 -0.25008240
v 0.19805800 0.37054045 -0.27136255
v 0.19143555 0.35815069 -0.29196804
v 0.18433715 0.34487052 -0.31184765
v 0.17678045 0.33073298 -0.33095198
v 0.16878427 0.31577314 -0.34923350
v 0.16036845 0.30002827 -0.36664673
v 0.15155393 0.28353745 -0.38314848
v 0.14236262 0.26634173 -0.39869762
v 0.13281738 0.24848384 -0.41325556
v 0.12294194 0.23000819 -0.42678606
v 0.11276084 0.21096068 -0.43925553
v 0.10229940 0.19138871 -0.45063291
v 0.09158363 0.17134090 -0.46088997
v 0.08064016 0.15086713 -0.47000117
v 0.06949621 0.13001826 -0.47794389
v 0.05817948 0.10884617 -0.48469836
v 0.04671812 0.08740345 -0.49024779
v 0.03514060 0.06574344 -0.49457836
v 0.02347571 0.04391997 -0.49767936
v 0.01175247 0.02198732 -0.49954307
v 0.00954074 0.02303339 0.49954307
v 0.01905776 0.04600951 0.49767936
v 0.02852740 0.06887124 0.49457836
v 0.03792612 0.09156175 0.49024779
v 0.04723055 0.11402463 0.48469836
v 0.05641755 0.13620401 0.47794389
v 0.06546429 0.15804478 0.47000117
v 0.07434828 0.17949262 0.46088997
v 0.08304742 0.20049422 0.45063291
v 0.09154010 0.22099735 0.43925553
v 0.09980520 0.24095105 0.42678606
v 0.10782215 0.26030571 0.41325556
v 0.11557105 0.27901320 0.39869762
v 0.12303263 0.29702702 0.38314848
v 0.13018831 0.31430240 0.36664673
v 0.13702034 0.33079637 0.34923350
v 0.14351171 0.34646792 0.33095198
v 0.14964629 0.36127810 0.31184765
v 0.15540882 0.37519008 0.29196804
v 0.16078498 0.38816928 0.27136255
v 0.16576141 0.40018343 0.25008240
v 0.17032573 0.41120265 0.22818052
v 0.17446659 0.42119958 0.20571134
v 0.17817369 0.43014932 0.18273073
v 0.18143782 0.43802965 0.15929581
v 0.18425089 0.44482098 0.13546487
v 0.18660587 0.45050641 0.11129714
v 0.18849692 0.45507182 0.08685271
v 0.18991934 0.45850584 0.06219234
v 0.19086959 0.46079991 0.03737736
v 0.19134530 0.46194840 0.01246945
v 0.19134530 0.46194840 -0.01246945
v 0.19086959 0.46079991 -0.03737736
v 0.18991934 0.45850584 -0.06219234
v 0.18849692 0.45507182 -0.08685271
v 0.18660587 0.45050641 -0.11129714
v 0.18425089 0.44482098 -0.13546487
v 0.18143782 0.43802965 -0.15929581
v 0.17817369 0.43014932 -0.18273073
v 0.17446659 0.42119958 -0.20571134
v 0.17032573 0.41120265 -0.22818052
v 0.16576141 0.40018343 -0.25008240
v 0.16078498 0.38816928 -0.27136255
v 0.15540882 0.37519008 -0.29196804
v 0.14964629 0.36127810 -0.31184765
v 0.14351171 0.34646792 -0.33095198
v 0.13702034 0.33079637 -0.34923350
v 0.13018831 0.31430240 -0.36664673
v 0.12303263 0.29702702 -0.38314848
v 0.11557105 0.27901320 -0.39869762
v 0.10782215 0.26030571 -0.41325556
v 0.09980520 0.24095105 -0.42678606
v 0.09154010 0.22099735 -0.43925553
v 0.08304742 0.20049422 -0.45063291
v 0.07434828 0.17949262 -0.46088997
v 0.06546429 0.15804478 -0.47000117
v 0.05641755 0.13620401 -0.47794389
v 0.04723055 0.11402463 -0.48469836
v 0.03792612 0.09156175 -0.49024779
v 0.02852740 0.06887124 -0.49457836
v 0.01905776 0.04600951 -0.49767936
v 0.00954074 0.02303339 -0.49954307
v 0.00723713 0.02385763 0.49954307
v 0.01445627 0.04765595 0.49767936
v 0.02163947 0.07133578 0.49457836
v 0.02876887 0.09483826 0.49024779
v 0.03582675 0.11810497 0.48469836
v 0.04279555 0.14107805 0.47794389
v 0.04965797 0.16370037 0.47000117
v 0.05639692 0.18591571 0.46088997
v 0.06299566 0.20766885 0.45063291
v 0.06943778 0.22890569 0.43925553
v 0.07570727 0.24957343 0.42678606
v 0.08178854 0.26962068 0.41325556
v 0.08766647 0.28899762 0.39869762
v 0.09332645 0.30765608 0.38314848
v 0.09875440 0.32554962 0.36664673
v 0.10393683 0.34263384 0.34923350
v 0.10886087 0.35886619 0.33095198
v 0.11351425 0.37420632 0.31184765
v 0.11788543 0.38861617 0.29196804
v 0.12196351 0.40205982 0.27136255
v 0.12573839 0.41450391 0.25008240
v 0.12920065 0.42591747 0.22818052
v 0.13234169 0.43627210 0.20571134
v 0.13515373 0.44554212 0.18273073
v 0.13762974 0.45370445 0.15929581
v 0.13976358 0.46073878 0.13546487
v 0.14154996 0.46662768 0.11129714
v 0.14298441 0.47135645 0.08685271
v 0.14406339 0.47491333 0.06219234
v 0.14478420 0.47728953 0.03737736
v 0.14514505 0.47847912 0.01246945
v 0.14514505 0.47847912 -0.01246945
v 0.14478420 0.47728953 -0.03737736
v 0.14406339 0.47491333 -0.06219234
v 0.14298441 0.47135645 -0.08685271
v 0.14154996 0.46662768 -0.11129714
v 0.13976358 0.46073878 -0.13546487
v 0.13762974 0.45370445 -0.15929581
v 0.13515373 0.44554212 -0.18273073
v 0.13234169 0.43627210 -0.20571134
v 0.12920065 0.42591747 -0.22818052
v 0.12573839 0.41450391 -0.25008240
v 0.12196351 0.40205982 -0.27136255
v 0.11788543 0.38861617 -0.29196804
v 0.11351425 0.37420632 -0.31184765
v 0.10886087 0.35886619 -0.33095198
v 0.10393683 0.34263384 -0.34923350
v 0.09875440 0.32554962 -0.36664673
v 0.09332645 0.30765608 -0.38314848
v 0.08766647 0.28899762 -0.39869762
v 0.08178854 0.26962068 -0.41325556
v 0.07570727 0.24957343 -0.42678606
v 0.06943778 0.22890569 -0.43925553
v 0.06299566 0.20766885 -0.45063291
v 0.05639692 0.18591571 -0.46088997
v 0.04965797 0.16370037 -0.47000117
v 0.04279555 0.14107805 -0.47794389
v 0.03582675 0.11810497 -0.48469836
v 0.02876887 0.09483826 -0.49024779
v 0.02163947 0.07133578 -0.49457836
v 0.01445627 0.04765595 -0.49767936
v 0.00723713 0.02385763 -0.49954307
v 0.00486383 0.02445211 0.49954307
v 0.00971556 0.04884343 0.49767936
v 0.01454314 0.07311332 0.49457836
v 0.01933457 0.09720144 0.49024779
v 0.02407792 0.12104790 0.48469836
v 0.02876142 0.14459341 0.47794389
v 0.03337341 0.16777943 0.47000117
v 0.03790242 0.19054836 0.46088997
v 0.04233721 0.21284353 0.45063291
v 0.04666674 0.23460953 0.43925553
v 0.05088025 0.25579227 0.42678606
v 0.05496726 0.27633907 0.41325556
v 0.05891761 0.29619884 0.39869762
v 0.06272149 0.31532221 0.38314848
v 0.06636943 0.33366165 0.36664673
v 0.06985236 0.35117154 0.34923350
v 0.07316163 0.36780838 0.33095198
v 0.07628901 0.38353076 0.31184765
v 0.07922673 0.39829965 0.29196804
v 0.08196747 0.41207830 0.27136255
v 0.08450443 0.42483248 0.25008240
v 0.08683130 0.43653044 0.22818052
v 0.08894229 0.44714311 0.20571134
v 0.09083216 0.45664411 0.18273073
v 0.09249620 0.46500983 0.15929581
v 0.09393029 0.47221942 0.13546487
v 0.09513084 0.47825504 0.11129714
v 0.09609490 0.48310165 0.08685271
v 0.09682003 0.48674718 0.06219234
v 0.09730447 0.48918260 0.03737736
v 0.09754698 0.49040180 0.01246945
v 0.09754698 0.49040180 -0.01246945
v 0.09730447 0.48918260 -0.03737736
v 0.09682003 0.48674718 -0.06219234
v 0.09609490 0.48310165 -0.08685271
v 0.09513084 0.47825504 -0.11129714
v 0.09393029 0.47221942 -0.13546487
v 0.09249620 0.46500983 -0.15929581
v 0.09083216 0.45664411 -0.18273073
v 0.08894229 0.44714311 -0.20571134
v 0.08683130 0.43653044 -0.22818052
v 0.08450443 0.42483248 -0.25008240
v 0.08196747 0.41207830 -0.27136255
v 0.07922673 0.39829965 -0.29196804
v 0.07628901 0.38353076 -0.31184765
v 0.07316163 0.36780838 -0.33095198
v 0.06985236 0.35117154 -0.34923350
v 0.06636943 0.33366165 -0.36664673
v 0.06272149 0.31532221 -0.38314848
v 0.05891761 0.29619884 -0.39869762
v 0.05496726 0.27633907 -0.41325556
v 0.05088025 0.25579227 -0.42678606
v 0.04666674 0.23460953 -0.43925553
v 0.04233721 0.21284353 -0.45063291
v 0.03790242 0.19054836 -0.46088997
v 0.03337341 0.16777943 -0.47000117
v 0.02876142 0.14459341 -0.47794389
v 0.02407792 0.12104790 -0.48469836
v 0.01933457 0.09720144 -0.49024779
v 0.01454314 0.07311332 -0.49457836
v 0.00971556 0.04884343 -0.49767936
v 0.00486383 0.02445211 -0.49954307
v 0.00244368 0.02481111 0.49954307
v 0.00488129 0.04956053 0.49767936
v 0.00730676 0.07418674 0.49457836
v 0.00971406 0.09862851 0.49024779
v 0.01209721 0.12282507 0.48469836
v 0.01445029 0.14671626 0.47794389
v 0.01676744 0.17024271 0.47000117
v 0.01904291 0.19334589 0.46088997
v 0.02127103 0.21596840 0.45063291
v 0.02344627 0.23805396 0.43925553
v 0.02556322 0.25954769 0.42678606
v 0.02761661 0.28039615 0.41325556
v 0.02960134 0.30054749 0.39869762
v 0.03151248 0.31995163 0.38314848
v 0.03334528 0.33856031 0.36664673
v 0.03509517 0.35632728 0.34923350
v 0.03675782 0.37320838 0.33095198
v 0.03832907 0.38916162 0.31184765
v 0.03980504 0.40414733 0.29196804
v 0.04118204 0.41812827 0.27136255
v 0.04245665 0.43106966 0.25008240
v 0.04362572 0.44293937 0.22818052
v 0.04468632 0.45370785 0.20571134
v 0.04563583 0.46334836 0.18273073
v 0.04647188 0.47183687 0.15929581
v 0.04719239 0.47915236 0.13546487
v 0.04779557 0.48527659 0.11129714
v 0.04827993 0.49019432 0.08685271
v 0.04864425 0.49389340 0.06219234
v 0.04888764 0.49636453 0.03737736
v 0.04900949 0.49760167 0.01246945
v 0.04900949 0.49760167 -0.01246945
v 0.04888764 0.49636453 -0.03737736
v 0.04864425 0.49389340 -0.06219234
v 0.04827993 0.49019432 -0.08685271
v 0.04779557 0.48527659 -0.11129714
v 0.04719239 0.47915236 -0.13546487
v 0.04647188 0.47183687 -0.15929581
v 0.04563583 0.46334836 -0.18273073
v 0.04468632 0.45370785 -0.20571134
v 0.04362572 0.44293937 -0.22818052
v 0.04245665 0.43106966 -0.25008240
v 0.04118204 0.41812827 -0.27136255
v 0.03980504 0.40414733 -0.29196804
v 0.03832907 0.38916162 -0.31184765
v 0.03675782 0.37320838 -0.33095198
v 0.03509517 0.35632728 -0.34923350
v 0.03334528 0.33856031 -0.36664673
v 0.03151248 0.31995163 -0.38314848
v 0.02960134 0.30054749 -0.39869762
v 0.02761661 0.28039615 -0.41325556
v 0.02556322 0.25954769 -0.42678606
v 0.02344627 0.23805396 -0.43925553
v 0.02127103 0.21596840 -0.45063291
v 0.01904291 0.19334589 -0.46088997
v 0.01676744 0.17024271 -0.47000117
v 0.01445029 0.14671626 -0.47794389
v 0.01209721 0.12282507 -0.48469836
v 0.00971406 0.09862851 -0.49024779
v 0.00730676 0.07418674 -0.49457836
v 0.00488129 0.04956053 -0.49767936
v 0.00244368 0.02481111 -0.49954307
v -0.00000000 0.02493116 0.49954307
v -0.00000000 0.04980033 0.49767936
v -0.00000000 0.07454569 0.49457836
v 0.00000000 0.09910573 0.49024779
v 0.00000000 0.12341936 0.48469836
v 0.00000000 0.14742616 0.47794389
v 0.00000000 0.17106644 0.47000117
v 0.00000000 0.19428141 0.46088997
v 0.00000000 0.21701338 0.45063291
v 0.00000000 0.23920581 0.43925553
v 0.00000000 0.26080354 0.42678606
v 0.00000000 0.28175286 0.41325556
v 0.00000000 0.30200171 0.39869762
v 0.00000000 0.32149975 0.38314848
v 0.00000000 0.34019846 0.36664673
v 0.00000000 0.35805140 0.34923350
v 0.00000000 0.37501416 0.33095198
v 0.00000000 0.39104460 0.31184765
v 0.00000000 0.40610282 0.29196804
v 0.00000000 0.42015141 0.27136255
v 0.00000000 0.43315542 0.25008240
v 0.00000000 0.44508257 0.22818052
v 0.00000000 0.45590316 0.20571134
v 0.00000000 0.46559027 0.18273073
v 0.00000000 0.47411988 0.15929581
v 0.00000000 0.48147079 0.13546487
v 0.00000000 0.48762462 0.11129714
v 0.00000000 0.49256617 0.08685271
v 0.00000000 0.49628314 0.06219234
v 0.00000000 0.49876626 0.03737736
v 0.00000000 0.50000934 0.01246945
v 0.00000000 0.50000934 -0.01246945
v 0.00000000 0.49876626 -0.03737736
v 0.00000000 0.49628314 -0.06219234
v 0.00000000 0.49256617 -0.08685271
v 0.00000000 0.48762462 -0.11129714
v 0.00000000 0.48147079 -0.13546487
v 0.00000000 0.47411988 -0.15929581
v 0.00000000 0.46559027 -0.18273073
v 0.00000000 0.45590316 -0.20571134
v 0.00000000 0.44508257 -0.22818052
v 0.00000000 0.43315542 -0.25008240
v 0.00000000 0.42015141 -0.27136255
v 0.00000000 0.40610282 -0.29196804
v 0.00000000 0.39104460 -0.31184765
v 0.00000000 0.37501416 -0.33095198
v 0.00000000 0.35805140 -0.34923350
v 0.00000000 0.34019846 -0.36664673
v 0.00000000 0.32149975 -0.38314848
v 0.00000000 0.30200171 -0.39869762
v 0.00000000 0.28175286 -0.41325556
v 0.00000000 0.26080354 -0.42678606
v 0.00000000 0.23920581 -0.43925553
v 0.00000000 0.21701338 -0.45063291
v 0.00000000 0.19428141 -0.46088997
v 0.00000000 0.17106644 -0.47000117
v 0.00000000 0.14742616 -0.47794389
v 0.00000000 0.12341936 -0.48469836
v 0.00000000 0.09910573 -0.49024779
v -0.00000000 0.07454569 -0.49457836
v -0.00000000 0.04980033 -0.49767936
v -0.00000000 0.02493116 -0.49954307
v -0.00244368 0.02481111 0.49954307
v -0.00488129 0.04956053 0.49767936
v -0.00730676 0.07418674 0.49457836
v -0.00971406 0.09862851 0.49024779
v -0.01209721 0.12282507 0.48469836
v -0.01445029 0.14671626 0.47794389
v -0.01676744 0.17024271 0.47000117
v -0.01904291 0.19334589 0.46088997
v -0.02127103 0.21596840 0.45063291
v -0.02344627 0.23805396 0.43925553
v -0.02556322 0.25954769 0.42678606
v -0.02761661 0.28039615 0.41325556
v -0.02960134 0.30054749 0.39869762
v -0.03151248 0.31995163 0.38314848
v -0.03334528 0.33856031 0.36664673
v -0.03509517 0.35632728 0.34923350
v -0.03675782 0.37320838 0.33095198
v -0.03832907 0.38916162 0.31184765
v -0.03980504 0.40414733 0.29196804
v -0.04118204 0.41812827 0.27136255
v -0.04245665 0.43106966 0.25008240
v -0.04362572 0.44293937 0.22818052
v -0.04468632 0.45370785 0.20571134
v -0.04563583 0.46334836 0.18273073
v -0.04647188 0.47183687 0.15929581
v -0.04719239 0.47915236 0.13546487
v -0.04779557 0.48527659 0.11129714
v -0.04827993 0.49019432 0.08685271
v -0.04864425 0.49389340 0.06219234
v -0.04888764 0.49636453 0.03737736
v -0.04900949 0.49760167 0.01246945
v -0.04900949 0.49760167 -0.01246945
v -0.04888764 0.49636453 -0.03737736
v -0.04864425 0.49389340 -0.06219234
v -0.04827993 0.49019432 -0.08685271
v -0.04779557 0.48527659 -0.11129714
v -0.04719239 0.47915236 -0.13546487
v -0.04647188 0.47183687 -0.15929581
v -0.04563583 0.46334836 -0.18273073
v -0.04468632 0.45370785 -0.20571134
v -0.04362572 0.44293937 -0.22818052
v -0.04245665 0.43106966 -0.25008240
v -0.04118204 0.41812827 -0.27136255
v -0.03980504 0.40414733 -0.29196804
v -0.03832907 0.38916162 -0.31184765
v -0.03675782 0.37320838 -0.33095198
v -0.03509517 0.35632728 -0.34923350
v -0.03334528 0.33856031 -0.36664673
v -0.03151248 0.31995163 -0.38314848
v -0.02960134 0.30054749 -0.39869762
v -0.02761661 0.28039615 -0.41325556
v -0.02556322 0.25954769 -0.42678606
v -0.02344627 0.23805396 -0.43925553
v -0.02127103 0.21596840 -0.45063291
v -0.01904291 0.19334589 -0.46088997
v -0.01676744 0.17024271 -0.47000117
v -0.01445029 0.14671626 -0.47794389
v -0.01209721 0.12282507 -0.48469836
v -0.00971406 0.09862851 -0.49024779
v -0.00730676 0.07418674 -0.49457836
v -0.00488129 0.04956053 -0.49767936
v -0.00244368 0.02481111 -0.49954307
v -0.00486383 0.02445211 0.49954307
v -0.00971556 0.04884343 0.49767936
v -0.01454314 0.07311332 0.49457836
v -0.01933457 0.09720144 0.49024779
v -0.02407792 0.12104790 0.48469836
v -0.02876142 0.14459341 0.47794389
v -0.03337341 0.16777943 0.47000117
v -0.03790242 0.19054836 0.46088997
v -0.04233721 0.21284353 0.45063291
v -0.04666674 0.23460953 0.43925553
v -0.05088025 0.25579227 0.42678606
v -0.05496726 0.27633907 0.41325556
v -0.05891761 0.29619884 0.39869762
v -0.06272149 0.31532221 0.38314848
v -0.06636943 0.33366165 0.36664673
v -0.06985236 0.35117154 0.34923350
v -0.07316163 0.36780838 0.33095198
v -0.07628901 0.38353076 0.31184765
v -0.07922673 0.39829965 0.29196804
v -0.08196747 0.41207830 0.27136255
v -0.08450443 0.42483248 0.25008240
v -0.08683130 0.43653044 0.22818052
v -0.08894229 0.44714311 0.20571134
v -0.09083216 0.45664411 0.18273073
v -0.09249620 0.46500983 0.15929581
v -0.09393029 0.47221942 0.13546487
v -0.09513084 0.47825504 0.11129714
v -0.09609490 0.48310165 0.08685271
v -0.09682003 0.48674718 0.06219234
v -0.09730447 0.48918260 0.03737736
v -0.09754698 0.49040180 0.01246945
v -0.09754698 0.49040180 -0.01246945
v -0.09730447 0.48918260 -0.03737736
v -0.09682003 0.48674718 -0.06219234
v -0.09609490 0.48310165 -0.08685271
v -0.09513084 0.47825504 -0.11129714
v -0.09393029 0.47221942 -0.13546487
v -0.09249620 0.46500983 -0.15929581
v -0.09083216 0.45664411 -0.18273073
v -0.08894229 0.44714311 -0.20571134
v -0.08683130 0.43653044 -0.22818052
v -0.08450443 0.42483248 -0.25008240
v -0.08196747 0.41207830 -0.27136255
v -0.07922673 0.39829965 -0.29196804
v -0.07628901 0.38353076 -0.31184765
v -0.07316163 0.36780838 -0.33095198
v -0.06985236 0.35117154 -0.34923350
v -0.06636943 0.33366165 -0.36664673
v -0.06272149 0.31532221 -0.38314848
v -0.05891761 0.29619884 -0.39869762
v -0.05496726 0.27633907 -0.41325556
v -0.05088025 0.25579227 -0.42678606
v -0.04666674 0.23460953 -0.43925553
v -0.04233721 0.21284353 -0.45063291
v -0.03790242 0.19054836 -0.46088997
v -0.03337341 0.16777943 -0.47000117
v -0.02876142 0.14459341 -0.47794389
v -0.02407792 0.12104790 -0.48469836
v -0.01933457 0.09720144 -0.49024779
v -0.01454314 0.07311332 -0.49457836
v -0.00971556 0.04884343 -0.49767936
v -0.00486383 0.02445211 -0.49954307
v -0.00723713 0.02385763 0.49954307
v -0.01445627 0.04765595 0.49767936
v -0.02163947 0.07133578 0.49457836
v -0.02876887 0.09483826 0.49024779
v -0.03582675 0.11810497 0.48469836
v -0.04279555 0.14107805 0.47794389
v -0.04965797 0.16370037 0.47000117
v -0.05639692 0.18591571 0.46088997
v -0.06299566 0.20766885 0.45063291
v -0.06943778 0.22890569 0.43925553
v -0.07570727 0.24957343 0.42678606
v -0.08178854 0.26962068 0.41325556
v -0.08766647 0.28899762 0.39869762
v -0.09332645 0.30765608 0.38314848
v -0.09875440 0.32554962 0.36664673
v -0.10393683 0.34263384 0.34923350
v -0.10886087 0.35886619 0.33095198
v -0.11351425 0.37420632 0.31184765
v -0.11788543 0.38861617 0.29196804
v -0.12196351 0.40205982 0.27136255
v -0.12573839 0.41450391 0.25008240
v -0.12920065 0.42591747 0.22818052
v -0.13234169 0.43627210 0.20571134
v -0.13515373 0.44554212 0.18273073
v -0.13762974 0.45370445 0.15929581
v -0.13976358 0.46073878 0.13546487
v -0.14154996 0.46662768 0.11129714
v -0.14298441 0.47135645 0.08685271
v -0.14406339 0.47491333 0.06219234
v -0.14478420 0.47728953 0.03737736
v -0.14514505 0.47847912 0.01246945
v -0.14514505 0.47847912 -0.01246945
v -0.14478420 0.47728953 -0.03737736
v -0.14406339 0.47491333 -0.06219234
v -0.14298441 0.47135645 -0.08685271
v -0.14154996 0.46662768 -0.11129714
v -0.13976358 0.46073878 -0.13546487
v -0.13762974 0.45370445 -0.15929581
v -0.13515373 0.44554212 -0.18273073
v -0.13234169 0.43627210 -0.20571134
v -0.12920065 0.42591747 -0.22818052
v -0.12573839 0.41450391 -0.25008240
v -0.12196351 0.40205982 -0.27136255
v -0.11788543 0.38861617 -0.29196804
v -0.11351425 0.37420632 -0.31184765
v -0.10886087 0.35886619 -0.33095198
v -0.10393683 0.34263384 -0.34923350
v -0.09875440 0.32554962 -0.36664673
v -0.09332645 0.30765608 -0.38314848
v -0.08766647 0.28899762 -0.39869762
v -0.08178854 0.26962068 -0.41325556
v -0.07570727 0.24957343 -0.42678606
v -0.06943778 0.22890569 -0.43925553
v -0.06299566 0.20766885 -0.45063291
v -0.05639692 0.18591571 -0.46088997
v -0.04965797 0.16370037 -0.47000117
v -0.04279555 0.14107805 -0.47794389
v -0.03582675 0.11810497 -0.48469836
v -0.02876887 0.09483826 -0.49024779
v -0.02163947 0.07133578 -0.49457836
v -0.01445627 0.04765595 -0.49767936
v -0.00723713 0.02385763 -0.49954307
v -0.00954074 0.02303339 0.49954307
v -0.01905776 0.04600951 0.49767936
v -0.02852740 0.06887124 0.49457836
v -0.03792612 0.09156175 0.49024779
v -0.04723055 0.11402463 0.48469836
v -0.05641755 0.13620401 0.47794389
v -0.06546429 0.15804478 0.47000117
v -0.07434828 0.17949262 0.46088997
v -0.08304742 0.20049422 0.45063291
v -0.09154010 0.22099735 0.43925553
v -0.09980520 0.24095105 0.42678606
v -0.10782215 0.26030571 0.41325556
v -0.11557105 0.27901320 0.39869762
v -0.12303263 0.29702702 0.38314848
v -0.13018831 0.31430240 0.36664673
v -0.13702034 0.33079637 0.34923350
v -0.14351171 0.34646792 0.33095198
v -0.14964629 0.36127810 0.31184765
v -0.15540882 0.37519008 0.29196804
v -0.16078498 0.38816928 0.27136255
v -0.16576141 0.40018343 0.25008240
v -0.17032573 0.41120265 0.22818052
v -0.17446659 0.42119958 0.20571134
v -0.17817369 0.43014932 0.18273073
v -0.18143782 0.43802965 0.15929581
v -0.18425089 0.44482098 0.13546487
v -0.18660587 0.45050641 0.11129714
v -0.18849692 0.45507182 0.08685271
v -0.18991934 0.45850584 0.06219234
v -0.19086959 0.46079991 0.03737736
v -0.19134530 0.46194840 0.01246945
v -0.19134530 0.46194840 -0.01246945
v -0.19086959 0.46079991 -0.03737736
v -0.18991934 0.45850584 -0.06219234
v -0.18849692 0.45507182 -0.08685271
v -0.18660587 0.45050641 -0.11129714
v -0.18425089 0.44482098 -0.13546487
v -0.18143782 0.43802965 -0.15929581
v -0.17817369 0.43014932 -0.18273073
v -0.17446659 0.42119958 -0.20571134
v -0.17032573 0.41120265 -0.22818052
v -0.16576141 0.40018343 -0.25008240
v -0.16078498 0.38816928 -0.27136255
v -0.15540882 0.37519008 -0.29196804
v -0.14964629 0.36127810 -0.31184765
v -0.14351171 0.34646792 -0.33095198
v -0.13702034 0.33079637 -0.34923350
v -0.13018831 0.31430240 -0.36664673
v -0.12303263 0.29702702 -0.38314848
v -0.11557105 0.27901320 -0.39869762
v -0.10782215 0.26030571 -0.41325556
v -0.09980520 0.24095105 -0.42678606
v -0.09154010 0.22099735 -0.43925553
v -0.08304742 0.20049422 -0.45063291
v -0.07434828 0.17949262 -0.46088997
v -0.06546429 0.15804478 -0.47000117
v -0.05641755 0.13620401 -0.47794389
v -0.04723055 0.11402463 -0.48469836
v -0.03792612 0.09156175 -0.49024779
v -0.02852740 0.06887124 -0.49457836
v -0.01905776 0.04600951 -0.49767936
v -0.00954074 0.02303339 -0.49954307
v -0.01175247 0.02198732 0.49954307
v -0.02347571 0.04391997 0.49767936
v -0.03514060 0.06574344 0.49457836
v -0.04671812 0.08740345 0.49024779
v -0.05817948 0.10884617 0.48469836
v -0.06949621 0.13001826 0.47794389
v -0.08064016 0.15086713 0.47000117
v -0.09158363 0.17134090 0.46088997
v -0.10229940 0.19138871 0.45063291
v -0.11276084 0.21096068 0.43925553
v -0.12294194 0.23000819 0.42678606
v -0.13281738 0.24848384 0.41325556
v -0.14236262 0.26634173 0.39869762
v -0.15155393 0.28353745 0.38314848
v -0.16036845 0.30002827 0.36664673
v -0.16878427 0.31577314 0.34923350
v -0.17678045 0.33073298 0.33095198
v -0.18433715 0.34487052 0.31184765
v -0.19143555 0.35815069 0.29196804
v -0.19805800 0.37054045 0.27136255
v -0.20418805 0.38200900 0.25008240
v -0.20981046 0.39252779 0.22818052
v -0.21491126 0.40207069 0.20571134
v -0.21947774 0.41061397 0.18273073
v -0.22349857 0.41813643 0.15929581
v -0.22696375 0.42461932 0.13546487
v -0.22986465 0.43004652 0.11129714
v -0.23219408 0.43440457 0.08685271
v -0.23394626 0.43768263 0.06219234
v -0.23511678 0.43987257 0.03737736
v -0.23570278 0.44096885 0.01246945
v -0.23570278 0.44096885 -0.01246945
v -0.23511678 0.43987257 -0.03737736
v -0.23394626 0.43768263 -0.06219234
v -0.23219408 0.43440457 -0.08685271
v -0.22986465 0.43004652 -0.11129714
v -0.22696375 0.42461932 -0.13546487
v -0.22349857 0.41813643 -0.15929581
v -0.21947774 0.41061397 -0.18273073
v -0.21491126 0.40207069 -0.20571134
v -0.20981046 0.39252779 -0.22818052
v -0.20418805 0.38200900 -0.25008240
v -0.19805800 0.37054045 -0.27136255
v -0.19143555 0.35815069 -0.29196804
v -0.18433715 0.34487052 -0.31184765
v -0.17678045 0.33073298 -0.33095198
v -0.16878427 0.31577314 -0.34923350
v -0.16036845 0.30002827 -0.36664673
v -0.15155393 0.28353745 -0.38314848
v -0.14236262 0.26634173 -0.39869762
v -0.13281738 0.24848384 -0.41325556
v -0.12294194 0.23000819 -0.42678606
v -0.11276084 0.21096068 -0.43925553
v -0.10229940 0.19138871 -0.45063291
v -0.09158363 0.17134090 -0.46088997
v -0.08064016 0.15086713 -0.47000117
v -0.06949621 0.13001826 -0.47794389
v -0.05817948 0.10884617 -0.48469836
v -0.04671812 0.08740345 -0.49024779
v -0.03514060 0.06574344 -0.49457836
v -0.02347571 0.04391997 -0.49767936
v -0.01175247 0.02198732 -0.49954307
v -0.01385101 0.02072950 0.49954307
v -0.02766758 0.04140746 0.49767936
v -0.04141537 0.06198248 0.49457836
v -0.05506019 0.08240340 0.49024779
v -0.06856813 0.10261945 0.48469836
v -0.08190559 0.12258038 0.47794389
v -0.09503942 0.14223654 0.47000117
v -0.10793697 0.16153909 0.46088997
v -0.12056617 0.18044003 0.45063291
v -0.13289563 0.19889236 0.43925553
v -0.14489468 0.21685021 0.42678606
v -0.15653350 0.23426895 0.41325556
v -0.16778316 0.25110525 0.39869762
v -0.17861568 0.26731726 0.38314848
v -0.18900414 0.28286468 0.36664673
v -0.19892270 0.29770885 0.34923350
v -0.20834671 0.31181289 0.33095198
v -0.21725273 0.32514169 0.31184765
v -0.22561864 0.33766215 0.29196804
v -0.23342360 0.34934313 0.27136255
v -0.24064826 0.36015556 0.25008240
v -0.24727462 0.37007261 0.22818052
v -0.25328622 0.37906961 0.20571134
v -0.25866811 0.38712417 0.18273073
v -0.26340689 0.39421627 0.15929581
v -0.26749082 0.40032833 0.13546487
v -0.27090973 0.40544506 0.11129714
v -0.27365510 0.40955382 0.08685271
v -0.27572014 0.41264436 0.06219234
v -0.27709968 0.41470898 0.03737736
v -0.27779032 0.41574257 0.01246945
v -0.27779032 0.41574257 -0.01246945
v -0.27709968 0.41470898 -0.03737736
v -0.27572014 0.41264436 -0.06219234
v -0.27365510 0.40955382 -0.08685271
v -0.27090973 0.40544506 -0.11129714
v -0.26749082 0.40032833 -0.13546487
v -0.26340689 0.39421627 -0.15929581
v -0.25866811 0.38712417 -0.18273073
v -0.25328622 0.37906961 -0.20571134
v -0.24727462 0.37007261 -0.22818052
v -0.24064826 0.36015556 -0.25008240
v -0.23342360 0.34934313 -0.27136255
v -0.22561864 0.33766215 -0.29196804
v -0.21725273 0.32514169 -0.31184765
v -0.20834671 0.31181289 -0.33095198
v -0.19892270 0.29770885 -0.34923350
v -0.18900414 0.28286468 -0.36664673
v -0.17861568 0.26731726 -0.38314848
v -0.16778316 0.25110525 -0.39869762
v -0.15653350 0.23426895 -0.41325556
v -0.14489468 0.21685021 -0.42678606
v -0.13289563 0.19889236 -0.43925553
v -0.12056617 0.18044003 -0.45063291
v -0.10793697 0.16153909 -0.46088997
v -0.09503942 0.14223654 -0.47000117
v -0.08190559 0.12258038 -0.47794389
v -0.06856813 0.10261945 -0.48469836
v -0.05506019 0.08240340 -0.49024779
v -0.04141537 0.06198248 -0.49457836
v -0.02766758 0.04140746 -0.49767936
v -0.01385101 0.02072950 -0.49954307
v -0.01581616 0.01927205 0.49954307
v -0.03159300 0.03849618 0.49767936
v -0.04729129 0.05762460 0.49457836
v -0.06287201 0.07660976 0.49024779
v -0.07829642 0.09540446 0.48469836
v -0.09352617 0.11396197 0.47794389
v -0.10852340 0.13223615 0.47000117
v -0.12325082 0.15018156 0.46088997
v -0.13767183 0.16775360 0.45063291
v -0.15175056 0.18490859 0.43925553
v -0.16545201 0.20160387 0.42678606
v -0.17874212 0.21779792 0.41325556
v -0.19158786 0.23345049 0.39869762
v -0.20395728 0.24852265 0.38314848
v -0.21581961 0.26297697 0.36664673
v -0.22714540 0.27677748 0.34923350
v -0.23790647 0.28988987 0.33095198
v -0.24807607 0.30228155 0.31184765
v -0.25762889 0.31392172 0.29196804
v -0.26654122 0.32478143 0.27136255
v -0.27479090 0.33483369 0.25008240
v -0.28235738 0.34405345 0.22818052
v -0.28922189 0.35241791 0.20571134
v -0.29536735 0.35990615 0.18273073
v -0.30077848 0.36649962 0.15929581
v -0.30544183 0.37218192 0.13546487
v -0.30934578 0.37693893 0.11129714
v -0.31248068 0.38075881 0.08685271
v -0.31483867 0.38363204 0.06219234
v -0.31641396 0.38555150 0.03737736
v -0.31720256 0.38651243 0.01246945
v -0.31720256 0.38651243 -0.01246945
v -0.31641396 0.38555150 -0.03737736
v -0.31483867 0.38363204 -0.06219234
v -0.31248068 0.38075881 -0.08685271
v -0.30934578 0.37693893 -0.11129714
v -0.30544183 0.37218192 -0.13546487
v -0.30077848 0.36649962 -0.15929581
v -0.29536735 0.35990615 -0.18273073
v -0.28922189 0.35241791 -0.20571134
v -0.28235738 0.34405345 -0.22818052
v -0.27479090 0.33483369 -0.25008240
v -0.26654122 0.32478143 -0.27136255
v -0.25762889 0.31392172 -0.29196804
v -0.24807607 0.30228155 -0.31184765
v -0.23790647 0.28988987 -0.33095198
v -0.22714540 0.27677748 -0.34923350
v -0.21581961 0.26297697 -0.36664673
v -0.20395728 0.24852265 -0.38314848
v -0.19158786 0.23345049 -0.39869762
v -0.17874212 0.21779792 -0.41325556
v -0.16545201 0.20160387 -0.42678606
v -0.15175056 0.18490859 -0.43925553
v -0.13767183 0.16775360 -0.45063291
v -0.12325082 0.15018156 -0.46088997
v -0.10852340 0.13223615 -0.47000117
v -0.09352617 0.11396197 -0.47794389
v -0.07829642 0.09540446 -0.48469836
v -0.06287201 0.07660976 -0.49024779
v -0.04729129 0.05762460 -0.49457836
v -0.03159300 0.03849618 -0.49767936
v -0.01581616 0.01927205 -0.49954307
v -0.01762899 0.01762899 0.49954307
v -0.03521415 0.03521415 0.49767936
v -0.05271177 0.05271177 0.49457836
v -0.07007833 0.07007833 0.49024779
v -0.08727067 0.08727067 0.48469836
v -0.10424604 0.10424604 0.47794389
v -0.12096224 0.12096224 0.47000117
v -0.13737771 0.13737771 0.46088997
v -0.15345163 0.15345163 0.45063291
v -0.16914404 0.16914404 0.43925553
v -0.18441595 0.18441595 0.42678606
v -0.19922937 0.19922937 0.41325556
v -0.21354746 0.21354746 0.39869762
v -0.22733464 0.22733464 0.38314848
v -0.24055663 0.24055663 0.36664673
v -0.25318058 0.25318058 0.34923350
v -0.26517506 0.26517506 0.33095198
v -0.27651027 0.27651027 0.31184765
v -0.28715805 0.28715805 0.29196804
v -0.29709191 0.29709191 0.27136255
v -0.30628714 0.30628714 0.25008240
v -0.31472090 0.31472090 0.22818052
v -0.32237219 0.32237219 0.20571134
v -0.32922206 0.32922206 0.18273073
v -0.33525340 0.33525340 0.15929581
v -0.34045123 0.34045123 0.13546487
v -0.34480268 0.34480268 0.11129714
v -0.34829687 0.34829687 0.08685271
v -0.35092515 0.35092515 0.06219234
v -0.35268098 0.35268098 0.03737736
v -0.35355999 0.35355999 0.01246945
v -0.35355999 0.35355999 -0.01246945
v -0.35268098 0.35268098 -0.03737736
v -0.35092515 0.35092515 -0.06219234
v -0.34829687 0.34829687 -0.08685271
v -0.34480268 0.34480268 -0.11129714
v -0.34045123 0.34045123 -0.13546487
v -0.33525340 0.33525340 -0.15929581
v -0.32922206 0.32922206 -0.18273073
v -0.32237219 0.32237219 -0.20571134
v -0.31472090 0.31472090 -0.22818052
v -0.30628714 0.30628714 -0.25008240
v -0.29709191 0.29709191 -0.27136255
v -0.28715805 0.28715805 -0.29196804
v -0.27651027 0.27651027 -0.31184765
v -0.26517506 0.26517506 -0.33095198
v -0.25318058 0.25318058 -0.34923350
v -0.24055663 0.24055663 -0.36664673
v -0.22733464 0.22733464 -0.38314848
v -0.21354746 0.21354746 -0.39869762
v -0.19922937 0.19922937 -0.41325556
v -0.18441595 0.18441595 -0.42678606
v -0.16914404 0.16914404 -0.43925553
v -0.15345163 0.15345163 -0.45063291
v -0.13737771 0.13737771 -0.46088997
v -0.12096224 0.12096224 -0.47000117
v -0.10424604 0.10424604 -0.47794389
v -0.08727067 0.08727067 -0.48469836
v -0.07007833 0.07007833 -0.49024779
v -0.05271177 0.05271177 -0.49457836
v -0.03521415 0.03521415 -0.49767936
v -0.01762899 0.01762899 -0.49954307
v -0.01927205 0.01581616 0.49954307
v -0.03849618 0.03159300 0.49767936
v -0.05762460 0.04729129 0.49457836
v -0.07660976 0.06287201 0.49024779
v -0.09540446 0.07829642 0.48469836
v -0.11396197 0.09352617 0.47794389
v -0.13223615 0.10852340 0.47000117
v -0.15018156 0.12325082 0.46088997
v -0.16775360 0.13767183 0.45063291
v -0.18490859 0.15175056 0.43925553
v -0.20160387 0.16545201 0.42678606
v -0.21779792 0.17874212 0.41325556
v -0.23345049 0.19158786 0.39869762
v -0.24852265 0.20395728 0.38314848
v -0.26297697 0.21581961 0.36664673
v -0.27677748 0.22714540 0.34923350
v -0.28988987 0.23790647 0.33095198
v -0.30228155 0.24807607 0.31184765
v -0.31392172 0.25762889 0.29196804
v -0.32478143 0.26654122 0.27136255
v -0.33483369 0.27479090 0.25008240
v -0.34405345 0.28235738 0.22818052
v -0.35241791 0.28922189 0.20571134
v -0.35990615 0.29536735 0.18273073
v -0.36649962 0.30077848 0.15929581
v -0.37218192 0.30544183 0.13546487
v -0.37693893 0.30934578 0.11129714
v -0.38075881 0.31248068 0.08685271
v -0.38363204 0.31483867 0.06219234
v -0.38555150 0.31641396 0.03737736
v -0.38651243 0.31720256 0.01246945
v -0.38651243 0.31720256 -0.01246945
v -0.38555150 0.31641396 -0.03737736
v -0.38363204 0.31483867 -0.06219234
v -0.38075881 0.31248068 -0.08685271
v -0.37693893 0.30934578 -0.11129714
v -0.37218192 0.30544183 -0.13546487
v -0.36649962 0.30077848 -0.15929581
v -0.35990615 0.29536735 -0.18273073
v -0.35241791 0.28922189 -0.20571134
v -0.34405345 0.28235738 -0.22818052
v -0.33483369 0.27479090 -0.25008240
v -0.32478143 0.26654122 -0.27136255
v -0.31392172 0.25762889 -0.29196804
v -0.30228155 0.24807607 -0.31184765
v -0.28988987 0.23790647 -0.33095198
v -0.27677748 0.22714540 -0.34923350
v -0.26297697 0.21581961 -0.36664673
v -0.24852265 0.20395728 -0.38314848
v -0.23345049 0.19158786 -0.39869762
v -0.21779792 0.17874212 -0.41325556
v -0.20160387 0.16545201 -0.42678606
v -0.18490859 0.15175056 -0.43925553
v -0.16775360 0.13767183 -0.45063291
v -0.15018156 0.12325082 -0.46088997
v -0.13223615 0.10852340 -0.47000117
v -0.11396197 0.09352617 -0.47794389
v -0.09540446 0.07829642 -0.48469836
v -0.07660976 0.06287201 -0.49024779
v -0.05762460 0.04729129 -0.49457836
v -0.03849618 0.03159300 -0.49767936
v -0.01927205 0.01581616 -0.49954307
v -0.02072950 0.01385101 0.49954307
v -0.04140746 0.02766758 0.49767936
v -0.06198248 0.04141537 0.49457836
v -0.08240340 0.05506019 0.49024779
v -0.10261945 0.06856813 0.48469836
v -0.12258038 0.08190559 0.47794389
v -0.14223654 0.09503942 0.47000117
v -0.16153909 0.10793697 0.46088997
v -0.18044003 0.12056617 0.45063291
v -0.19889236 0.13289563 0.43925553
v -0.21685021 0.14489468 0.42678606
v -0.23426895 0.15653350 0.41325556
v -0.25110525 0.16778316 0.39869762
v -0.26731726 0.17861568 0.38314848
v -0.28286468 0.18900414 0.36664673
v -0.29770885 0.19892270 0.34923350
v -0.31181289 0.20834671 0.33095198
v -0.32514169 0.21725273 0.31184765
v -0.33766215 0.22561864 0.29196804
v -0.34934313 0.23342360 0.27136255
v -0.36015556 0.24064826 0.25008240
v -0.37007261 0.24727462 0.22818052
v -0.37906961 0.25328622 0.20571134
v -0.38712417 0.25866811 0.18273073
v -0.39421627 0.26340689 0.15929581
v -0.40032833 0.26749082 0.13546487
v -0.40544506 0.27090973 0.11129714
v -0.40955382 0.27365510 0.08685271
v -0.41264436 0.27572014 0.06219234
v -0.41470898 0.27709968 0.03737736
v -0.41574257 0.27779032 0.01246945
v -0.41574257 0.27779032 -0.01246945
v -0.41470898 0.27709968 -0.03737736
v -0.41264436 0.27572014 -0.06219234
v -0.40955382 0.27365510 -0.08685271
v -0.40544506 0.27090973 -0.11129714
v -0.40032833 0.26749082 -0.13546487
v -0.39421627 0.26340689 -0.15929581
v -0.38712417 0.25866811 -0.18273073
v -0.37906961 0.25328622 -0.20571134
v -0.37007261 0.24727462 -0.22818052
v -0.36015556 0.24064826 -0.25008240
v -0.34934313 0.23342360 -0.27136255
v -0.33766215 0.22561864 -0.29196804
v -0.32514169 0.21725273 -0.31184765
v -0.31181289 0.20834671 -0.33095198
v -0.29770885 0.19892270 -0.34923350
v -0.28286468 0.18900414 -0.36664673
v -0.26731726 0.17861568 -0.38314848
v -0.25110525 0.16778316 -0.39869762
v -0.23426895 0.15653350 -0.41325556
v -0.21685021 0.14489468 -0.42678606
v -0.19889236 0.13289563 -0.43925553
v -0.18044003 0.12056617 -0.45063291
v -0.16153909 0.10793697 -0.46088997
v -0.14223654 0.09503942 -0.47000117
v -0.12258038 0.08190559 -0.47794389
v -0.10261945 0.06856813 -0.48469836
v -0.08240340 0.05506019 -0.49024779
v -0.06198248 0.04141537 -0.49457836
v -0.04140746 0.02766758 -0.49767936
v -0.02072950 0.01385101 -0.49954307
v -0.02198732 0.01175247 0.49954307
v -0.04391997 0.02347571 0.49767936
v -0.06574344 0.03514060 0.49457836
v -0.08740345 0.04671812 0.49024779
v -0.10884617 0.05817948 0.48469836
v -0.13001826 0.06949621 0.47794389
v -0.15086713 0.08064016 0.47000117
v -0.17134090 0.09158363 0.46088997
v -0.19138871 0.10229940 0.45063291
v -0.21096068 0.11276084 0.43925553
v -0.23000819 0.12294194 0.42678606
v -0.24848384 0.13281738 0.41325556
v -0.26634173 0.14236262 0.39869762
v -0.28353745 0.15155393 0.38314848
v -0.30002827 0.16036845 0.36664673
v -0.31577314 0.16878427 0.34923350
v -0.33073298 0.17678045 0.33095198
v -0.34487052 0.18433715 0.31184765
v -0.35815069 0.19143555 0.29196804
v -0.37054045 0.19805800 0.27136255
v -0.38200900 0.20418805 0.25008240
v -0.39252779 0.20981046 0.22818052
v -0.40207069 0.21491126 0.20571134
v -0.41061397 0.21947774 0.18273073
v -0.41813643 0.22349857 0.15929581
v -0.42461932 0.22696375 0.13546487
v -0.43004652 0.22986465 0.11129714
v -0.43440457 0.23219408 0.08685271
v -0.43768263 0.23394626 0.06219234
v -0.43987257 0.23511678 0.03737736
v -0.44096885 0.23570278 0.01246945
v -0.44096885 0.23570278 -0.01246945
v -0.43987257 0.23511678 -0.03737736
v -0.43768263 0.23394626 -0.06219234
v -0.43440457 0.23219408 -0.08685271
v -0.43004652 0.22986465 -0.11129714
v -0.42461932 0.22696375 -0.13546487
v -0.41813643 0.22349857 -0.15929581
v -0.41061397 0.21947774 -0.18273073
v -0.40207069 0.21491126 -0.20571134
v -0.39252779 0.20981046 -0.22818052
v -0.38200900 0.20418805 -0.25008240
v -0.37054045 0.19805800 -0.27136255
v -0.35815069 0.19143555 -0.29196804
v -0.34487052 0.18433715 -0.31184765
v -0.33073298 0.17678045 -0.33095198
v -0.31577314 0.16878427 -0.34923350
v -0.30002827 0.16036845 -0.36664673
v -0.28353745 0.15155393 -0.38314848
v -0.26634173 0.14236262 -0.39869762
v -0.24848384 0.13281738 -0.41325556
v -0.23000819 0.12294194 -0.42678606
v -0.21096068 0.11276084 -0.43925553
v -0.19138871 0.10229940 -0.45063291
v -0.17134090 0.09158363 -0.46088997
v -0.15086713 0.08064016 -0.47000117
v -0.13001826 0.06949621 -0.47794389
v -0.10884617 0.05817948 -0.48469836
v -0.08740345 0.04671812 -0.49024779
v -0.06574344 0.03514060 -0.49457836
v -0.04391997 0.02347571 -0.49767936
v -0.02198732 0.01175247 -0.49954307
v -0.02303339 0.00954074 0.49954307
v -0.04600951 0.01905776 0.49767936
v -0.06887124 0.02852740 0.49457836
v -0.09156175 0.03792612 0.49024779
v -0.11402463 0.04723055 0.48469836
v -0.13620401 0.05641755 0.47794389
v -0.15804478 0.06546429 0.47000117
v -0.17949262 0.07434828 0.46088997
v -0.20049422 0.08304742 0.45063291
v -0.22099735 0.09154010 0.43925553
v -0.24095105 0.09980520 0.42678606
v -0.26030571 0.10782215 0.41325556
v -0.27901320 0.11557105 0.39869762
v -0.29702702 0.12303263 0.38314848
v -0.31430240 0.13018831 0.36664673
v -0.33079637 0.13702034 0.34923350
v -0.34646792 0.14351171 0.33095198
v -0.36127810 0.14964629 0.31184765
v -0.37519008 0.15540882 0.29196804
v -0.38816928 0.16078498 0.27136255
v -0.40018343 0.16576141 0.25008240
v -0.41120265 0.17032573 0.22818052
v -0.42119958 0.17446659 0.20571134
v -0.43014932 0.17817369 0.18273073
v -0.43802965 0.18143782 0.15929581
v -0.44482098 0.18425089 0.13546487
v -0.45050641 0.18660587 0.11129714
v -0.45507182 0.18849692 0.08685271
v -0.45850584 0.18991934 0.06219234
v -0.46079991 0.19086959 0.03737736
v -0.46194840 0.19134530 0.01246945
v -0.46194840 0.19134530 -0.01246945
v -0.46079991 0.19086959 -0.03737736
v -0.45850584 0.18991934 -0.06219234
v -0.45507182 0.18849692 -0.08685271
v -0.45050641 0.18660587 -0.11129714
v -0.44482098 0.18425089 -0.13546487
v -0.43802965 0.18143782 -0.15929581
v -0.43014932 0.17817369 -0.18273073
v -0.42119958 0.17446659 -0.20571134
v -0.41120265 0.17032573 -0.22818052
v -0.40018343 0.16576141 -0.25008240
v -0.38816928 0.16078498 -0.27136255
v -0.37519008 0.15540882 -0.29196804
v -0.36127810 0.14964629 -0.31184765
v -0.34646792 0.14351171 -0.33095198
v -0.33079637 0.13702034 -0.34923350
v -0.31430240 0.13018831 -0.36664673
v -0.29702702 0.12303263 -0.38314848
v -0.27901320 0.11557105 -0.39869762
v -0.26030571 0.10782215 -0.41325556
v -0.24095105 0.09980520 -0.42678606
v -0.22099735 0.09154010 -0.43925553
v -0.20049422 0.08304742 -0.45063291
v -0.17949262 0.07434828 -0.46088997
v -0.15804478 0.06546429 -0.47000117
v -0.13620401 0.05641755 -0.47794389
v -0.11402463 0.04723055 -0.48469836
v -0.09156175 0.03792612 -0.49024779
v -0.06887124 0.02852740 -0.49457836
v -0.04600951 0.01905776 -0.49767936
v -0.02303339 0.00954074 -0.49954307
v -0.02385763 0.00723713 0.49954307
v -0.04765595 0.01445627 0.49767936
v -0.07133578 0.02163947 0.49457836
v -0.09483826 0.02876887 0.49024779
v -0.11810497 0.03582675 0.48469836
v -0.14107805 0.04279555 0.47794389
v -0.16370037 0.04965797 0.47000117
v -0.18591571 0.05639692 0.46088997
v -0.20766885 0.06299566 0.45063291
v -0.22890569 0.06943778 0.43925553
v -0.24957343 0.07570727 0.42678606
v -0.26962068 0.08178854 0.41325556
v -0.28899762 0.08766647 0.39869762
v -0.30765608 0.09332645 0.38314848
v -0.32554962 0.09875440 0.36664673
v -0.34263384 0.10393683 0.34923350
v -0.35886619 0.10886087 0.33095198
v -0.37420632 0.11351425 0.31184765
v -0.38861617 0.11788543 0.29196804
v -0.40205982 0.12196351 0.27136255
v -0.41450391 0.12573839 0.25008240
v -0.42591747 0.12920065 0.22818052
v -0.43627210 0.13234169 0.20571134
v -0.44554212 0.13515373 0.18273073
v -0.45370445 0.13762974 0.15929581
v -0.46073878 0.13976358 0.13546487
v -0.46662768 0.14154996 0.11129714
v -0.47135645 0.14298441 0.08685271
v -0.47491333 0.14406339 0.06219234
v -0.47728953 0.14478420 0.03737736
v -0.47847912 0.14514505 0.01246945
v -0.47847912 0.14514505 -0.01246945
v -0.47728953 0.14478420 -0.03737736
v -0.47491333 0.14406339 -0.06219234
v -0.47135645 0.14298441 -0.08685271
v -0.46662768 0.14154996 -0.11129714
v -0.46073878 0.13976358 -0.13546487
v -0.45370445 0.13762974 -0.15929581
v -0.44554212 0.13515373 -0.18273073
v -0.43627210 0.13234169 -0.20571134
v -0.42591747 0.12920065 -0.22818052
v -0.41450391 0.12573839 -0.25008240
v -0.40205982 0.12196351 -0.27136255
v -0.38861617 0.11788543 -0.29196804
v -0.37420632 0.11351425 -0.31184765
v -0.35886619 0.10886087 -0.33095198
v -0.34263384 0.10393683 -0.34923350
v -0.32554962 0.09875440 -0.36664673
v -0.30765608 0.09332645 -0.38314848
v -0.28899762 0.08766647 -0.39869762
v -0.26962068 0.08178854 -0.41325556
v -0.24957343 0.07570727 -0.42678606
v -0.22890569 0.06943778 -0.43925553
v -0.20766885 0.06299566 -0.45063291
v -0.18591571 0.05639692 -0.46088997
v -0.16370037 0.04965797 -0.47000117
v -0.14107805 0.04279555 -0.47794389
v -0.11810497 0.03582675 -0.48469836
v -0.09483826 0.02876887 -0.49024779
v -0.07133578 0.02163947 -0.49457836
v -0.04765595 0.01445627 -0.49767936
v -0.02385763 0.00723713 -0.49954307
v -0.02445211 0.00486383 0.49954307
v -0.04884343 0.00971556 0.49767936
v -0.07311332 0.01454314 0.49457836
v -0.09720144 0.01933457 0.49024779
v -0.12104790 0.02407792 0.48469836
v -0.14459341 0.02876142 0.47794389
v -0.16777943 0.03337341 0.47000117
v -0.19054836 0.03790242 0.46088997
v -0.21284353 0.04233721 0.45063291
v -0.23460953 0.04666674 0.43925553
v -0.25579227 0.05088025 0.42678606
v -0.27633907 0.05496726 0.41325556
v -0.29619884 0.05891761 0.39869762
v -0.31532221 0.06272149 0.38314848
v -0.33366165 0.06636943 0.36664673
v -0.35117154 0.06985236 0.34923350
v -0.36780838 0.07316163 0.33095198
v -0.38353076 0.07628901 0.31184765
v -0.39829965 0.07922673 0.29196804
v -0.41207830 0.08196747 0.27136255
v -0.42483248 0.08450443 0.25008240
v -0.43653044 0.08683130 0.22818052
v -0.44714311 0.08894229 0.20571134
v -0.45664411 0.09083216 0.18273073
v -0.46500983 0.09249620 0.15929581
v -0.47221942 0.09393029 0.13546487
v -0.47825504 0.09513084 0.11129714
v -0.48310165 0.09609490 0.08685271
v -0.48674718 0.09682003 0.06219234
v -0.48918260 0.09730447 0.03737736
v -0.49040180 0.09754698 0.01246945
v -0.49040180 0.09754698 -0.01246945
v -0.48918260 0.09730447 -0.03737736
v -0.48674718 0.09682003 -0.06219234
v -0.48310165 0.09609490 -0.08685271
v -0.47825504 0.09513084 -0.11129714
v -0.47221942 0.09393029 -0.13546487
v -0.46500983 0.09249620 -0.15929581
v -0.45664411 0.09083216 -0.18273073
v -0.44714311 0.08894229 -0.20571134
v -0.43653044 0.08683130 -0.22818052
v -0.42483248 0.08450443 -0.25008240
v -0.41207830 0.08196747 -0.27136255
v -0.39829965 0.07922673 -0.29196804
v -0.38353076 0.07628901 -0.31184765
v -0.36780838 0.07316163 -0.33095198
v -0.35117154 0.06985236 -0.34923350
v -0.33366165 0.06636943 -0.36664673
v -0.31532221 0.06272149 -0.38314848
v -0.29619884 0.05891761 -0.39869762
v -0.27633907 0.05496726 -0.41325556
v -0.25579227 0.05088025 -0.42678606
v -0.23460953 0.04666674 -0.43925553
v -0.21284353 0.04233721 -0.45063291
v -0.19054836 0.03790242 -0.46088997
v -0.16777943 0.03337341 -0.47000117
v -0.14459341 0.02876142 -0.47794389
v -0.12104790 0.02407792 -0.48469836
v -0.09720144 0.01933457 -0.49024779
v -0.07311332 0.01454314 -0.49457836
v -0.04884343 0.00971556 -0.49767936
v -0.02445211 0.00486383 -0.49954307
v -0.02481111 0.00244368 0.49954307
v -0.04956053 0.00488129 0.49767936
v -0.07418674 0.00730676 0.49457836
v -0.09862851 0.00971406 0.49024779
v -0.12282507 0.01209721 0.48469836
v -0.14671626 0.01445029 0.47794389
v -0.17024271 0.01676744 0.47000117
v -0.19334589 0.01904291 0.46088997
v -0.21596840 0.02127103 0.45063291
v -0.23805396 0.02344627 0.43925553
v -0.25954769 0.02556322 0.42678606
v -0.28039615 0.02761661 0.41325556
v -0.30054749 0.02960134 0.39869762
v -0.31995163 0.03151248 0.38314848
v -0.33856031 0.03334528 0.36664673
v -0.35632728 0.03509517 0.34923350
v -0.37320838 0.03675782 0.33095198
v -0.38916162 0.03832907 0.31184765
v -0.40414733 0.03980504 0.29196804
v -0.41812827 0.04118204 0.27136255
v -0.43106966 0.04245665 0.25008240
v -0.44293937 0.04362572 0.22818052
v -0.45370785 0.04468632 0.20571134
v -0.46334836 0.04563583 0.18273073
v -0.47183687 0.04647188 0.15929581
v -0.47915236 0.04719239 0.13546487
v -0.48527659 0.04779557 0.11129714
v -0.49019432 0.04827993 0.08685271
v -0.49389340 0.04864425 0.06219234
v -0.49636453 0.04888764 0.03737736
v -0.49760167 0.04900949 0.01246945
v -0.49760167 0.04900949 -0.01246945
v -0.49636453 0.04888764 -0.03737736
v -0.49389340 0.04864425 -0.06219234
v -0.49019432 0.04827993 -0.08685271
v -0.48527659 0.04779557 -0.11129714
v -0.47915236 0.04719239 -0.13546487
v -0.47183687 0.04647188 -0.15929581
v -0.46334836 0.04563583 -0.18273073
v -0.45370785 0.04468632 -0.20571134
v -0.44293937 0.04362572 -0.22818052
v -0.43106966 0.04245665 -0.25008240
v -0.41812827 0.04118204 -0.27136255
v -0.40414733 0.03980504 -0.29196804
v -0.38916162 0.03832907 -0.31184765
v -0.37320838 0.03675782 -0.33095198
v -0.35632728 0.03509517 -0.34923350
v -0.33856031 0.03334528 -0.36664673
v -0.31995163 0.03151248 -0.38314848
v -0.30054749 0.02960134 -0.39869762
v -0.28039615 0.02761661 -0.41325556
v -0.25954769 0.02556322 -0.42678606
v -0.23805396 0.02344627 -0.43925553
v -0.21596840 0.02127103 -0.45063291
v -0.19334589 0.01904291 -0.46088997
v -0.17024271 0.01676744 -0.47000117
v -0.14671626 0.01445029 -0.47794389
v -0.12282507 0.01209721 -0.48469836
v -0.09862851 0.00971406 -0.49024779
v -0.07418674 0.00730676 -0.49457836
v -0.04956053 0.00488129 -0.49767936
v -0.02481111 0.00244368 -0.49954307
v -0.02493116 0.00000000 0.49954307
v -0.04980033 0.00000000 0.49767936
v -0.07454569 0.00000000 0.49457836
v -0.09910573 0.00000000 0.49024779
v -0.12341936 0.00000000 0.48469836
v -0.14742616 0.00000000 0.47794389
v -0.17106644 0.00000000 0.47000117
v -0.19428141 0.00000000 0.46088997
v -0.21701338 0.00000000 0.45063291
v -0.23920581 0.00000000 0.43925553
v -0.26080354 0.00000000 0.42678606
v -0.28175286 0.00000000 0.41325556
v -0.30200171 0.00000000 0.39869762
v -0.32149975 0.00000000 0.38314848
v -0.34019846 0.00000000 0.36664673
v -0.35805140 0.00000000 0.34923350
v -0.37501416 0.00000000 0.33095198
v -0.39104460 0.00000000 0.31184765
v -0.40610282 0.00000000 0.29196804
v -0.42015141 0.00000000 0.27136255
v -0.43315542 0.00000000 0.25008240
v -0.44508257 0.00000000 0.22818052
v -0.45590316 0.00000000 0.20571134
v -0.46559027 0.00000000 0.18273073
v -0.47411988 0.00000000 0.15929581
v -0.48147079 0.00000000 0.13546487
v -0.48762462 0.00000000 0.11129714
v -0.49256617 0.00000000 0.08685271
v -0.49628314 0.00000000 0.06219234
v -0.49876626 0.00000000 0.03737736
v -0.50000934 0.00000000 0.01246945
v -0.50000934 0.00000000 -0.01246945
v -0.49876626 0.00000000 -0.03737736
v -0.49628314 0.00000000 -0.06219234
v -0.49256617 0.00000000 -0.08685271
v -0.48762462 0.00000000 -0.11129714
v -0.48147079 0.00000000 -0.13546487
v -0.47411988 0.00000000 -0.15929581
v -0.46559027 0.00000000 -0.18273073
v -0.45590316 0.00000000 -0.20571134
v -0.44508257 0.00000000 -0.22818052
v -0.43315542 0.00000000 -0.25008240
v -0.42015141 0.00000000 -0.27136255
v -0.40610282 0.00000000 -0.29196804
v -0.39104460 0.00000000 -0.31184765
v -0.37501416 0.00000000 -0.33095198
v -0.35805140 0.00000000 -0.34923350
v -0.34019846 0.00000000 -0.36664673
v -0.32149975 0.00000000 -0.38314848
v -0.30200171 0.00000000 -0.39869762
v -0.28175286 0.00000000 -0.41325556
v -0.26080354 0.00000000 -0.42678606
v -0.23920581 0.00000000 -0.43925553
v -0.21701338 0.00000000 -0.45063291
v -0.19428141 0.00000000 -0.46088997
v -0.17106644 0.00000000 -0.47000117
v -0.14742616 0.00000000 -0.47794389
v -0.12341936 0.00000000 -0.48469836
v -0.09910573 0.00000000 -0.49024779
v -0.07454569 0.00000000 -0.49457836
v -0.04980033 0.00000000 -0.49767936
v -0.02493116 0.00000000 -0.49954307
v -0.02481111 -0.00244368 0.49954307
v -0.04956053 -0.00488129 0.49767936
v -0.07418674 -0.00730676 0.49457836
v -0.09862851 -0.00971406 0.49024779
v -0.12282507 -0.01209721 0.48469836
v -0.14671626 -0.01445029 0.47794389
v -0.17024271 -0.01676744 0.47000117
v -0.19334589 -0.01904291 0.46088997
v -0.21596840 -0.02127103 0.45063291
v -0.23805396 -0.02344627 0.43925553
v -0.25954769 -0.02556322 0.42678606
v -0.28039615 -0.02761661 0.41325556
v -0.30054749 -0.02960134 0.39869762
v -0.31995163 -0.03151248 0.38314848
v -0.33856031 -0.03334528 0.36664673
v -0.35632728 -0.03509517 0.34923350
v -0.37320838 -0.03675782 0.33095198
v -0.38916162 -0.03832907 0.31184765
v -0.40414733 -0.03980504 0.29196804
v -0.41812827 -0.04118204 0.27136255
v -0.43106966 -0.04245665 0.25008240
v -0.44293937 -0.04362572 0.22818052
v -0.45370785 -0.04468632 0.20571134
v -0.46334836 -0.04563583 0.18273073
v -0.47183687 -0.04647188 0.15929581
v -0.47915236 -0.04719239 0.13546487
v -0.48527659 -0.04779557 0.11129714
v -0.49019432 -0.04827993 0.08685271
v -0.49389340 -0.04864425 0.06219234
v -0.49636453 -0.04888764 0.03737736
v -0.49760167 -0.04900949 0.01246945
v -0.49760167 -0.04900949 -0.01246945
v -0.49636453 -0.04888764 -0.03737736
v -0.49389340 -0.04864425 -0.06219234
v -0.49019432 -0.04827993 -0.08685271
v -0.48527659 -0.04779557 -0.11129714
v -0.47915236 -0.04719239 -0.13546487
v -0.47183687 -0.04647188 -0.15929581
v -0.46334836 -0.04563583 -0.18273073
v -0.45370785 -0.04468632 -0.20571134
v -0.44293937 -0.04362572 -0.22818052
v -0.43106966 -0.04245665 -0.25008240
v -0.41812827 -0.04118204 -0.27136255
v -0.40414733 -0.03980504 -0.29196804
v -0.38916162 -0.03832907 -0.31184765
v -0.37320838 -0.03675782 -0.33095198
v -0.35632728 -0.03509517 -0.34923350
v -0.33856031 -0.03334528 -0.36664673
v -0.31995163 -0.03151248 -0.38314848
v -0.30054749 -0.02960134 -0.39869762
v -0.28039615 -0.02761661 -0.41325556
v -0.25954769 -0.02556322 -0.42678606
v -0.23805396 -0.02344627 -0.43925553
v -0.21596840 -0.02127103 -0.45063291
v -0.19334589 -0.01904291 -0.46088997
v -0.17024271 -0.01676744 -0.47000117
v -0.14671626 -0.01445029 -0.47794389
v -0.12282507 -0.01209721 -0.48469836
v -0.09862851 -0.00971406 -0.49024779
v -0.07418674 -0.00730676 -0.49457836
v -0.04956053 -0.00488129 -0.49767936
v -0.02481111 -0.00244368 -0.49954307
v -0.02445211 -0.00486383 0.49954307
v -0.04884343 -0.00971556 0.49767936
v -0.07311332 -0.01454314 0.49457836
v -0.09720144 -0.01933457 0.49024779
v -0.12104790 -0.02407792 0.48469836
v -0.14459341 -0.02876142 0.47794389
v -0.16777943 -0.03337341 0.47000117
v -0.19054836 -0.03790242 0.46088997
v -0.21284353 -0.04233721 0.45063291
v -0.23460953 -0.04666674 0.43925553
v -0.25579227 -0.05088025 0.42678606
v -0.27633907 -0.05496726 0.41325556
v -0.29619884 -0.05891761 0.39869762
v -0.31532221 -0.06272149 0.38314848
v -0.33366165 -0.06636943 0.36664673
v -0.35117154 -0.06985236 0.34923350
v -0.36780838 -0.07316163 0.33095198
v -0.38353076 -0.07628901 0.31184765
v -0.39829965 -0.07922673 0.29196804
v -0.41207830 -0.08196747 0.27136255
v -0.42483248 -0.08450443 0.25008240
v -0.43653044 -0.08683130 0.22818052
v -0.44714311 -0.08894229 0.20571134
v -0.45664411 -0.09083216 0.18273073
v -0.46500983 -0.09249620 0.15929581
v -0.47221942 -0.09393029 0.13546487
v -0.47825504 -0.09513084 0.11129714
v -0.48310165 -0.09609490 0.08685271
v -0.48674718 -0.09682003 0.06219234
v -0.48918260 -0.09730447 0.03737736
v -0.49040180 -0.09754698 0.01246945
v -0.49040180 -0.09754698 -0.01246945
v -0.48918260 -0.09730447 -0.03737736
v -0.48674718 -0.09682003 -0.06219234
v -0.48310165 -0.09609490 -0.08685271
v -0.47825504 -0.09513084 -0.11129714
v -0.47221942 -0.09393029 -0.13546487
v -0.46500983 -0.09249620 -0.15929581
v -0.45664411 -0.09083216 -0.18273073
v -0.44714311 -0.08894229 -0.20571134
v -0.43653044 -0.08683130 -0.22818052
v -0.42483248 -0.08450443 -0.25008240
v -0.41207830 -0.08196747 -0.27136255
v -0.39829965 -0.07922673 -0.29196804
v -0.38353076 -0.07628901 -0.31184765
v -0.36780838 -0.07316163 -0.33095198
v -0.35117154 -0.06985236 -0.34923350
v -0.33366165 -0.06636943 -0.36664673
v -0.31532221 -0.06272149 -0.38314848
v -0.29619884 -0.05891761 -0.39869762
v -0.27633907 -0.05496726 -0.41325556
v -0.25579227 -0.05088025 -0.42678606
v -0.23460953 -0.04666674 -0.43925553
v -0.21284353 -0.04233721 -0.45063291
v -0.19054836 -0.03790242 -0.46088997
v -0.16777943 -0.03337341 -0.47000117
v -0.14459341 -0.02876142 -0.47794389
v -0.12104790 -0.02407792 -0.48469836
v -0.09720144 -0.01933457 -0.49024779
v -0.07311332 -0.01454314 -0.49457836
v -0.04884343 -0.00971556 -0.49767936
v -0.02445211 -0.00486383 -0.49954307
v -0.02385763 -0.00723713 0.49954307
v -0.04765595 -0.01445627 0.49767936
v -0.07133578 -0.02163947 0.49457836
v -0.09483826 -0.02876887 0.49024779
v -0.11810497 -0.03582675 0.48469836
v -0.14107805 -0.04279555 0.47794389
v -0.16370037 -0.04965797 0.47000117
v -0.18591571 -0.05639692 0.46088997
v -0.20766885 -0.06299566 0.45063291
v -0.22890569 -0.06943778 0.43925553
v -0.24957343 -0.07570727 0.42678606
v -0.26962068 -0.08178854 0.41325556
v -0.28899762 -0.08766647 0.39869762
v -0.30765608 -0.09332645 0.38314848
v -0.32554962 -0.09875440 0.36664673
v -0.34263384 -0.10393683 0.34923350
v -0.35886619 -0.10886087 0.33095198
v -0.37420632 -0.11351425 0.31184765
v -0.38861617 -0.11788543 0.29196804
v -0.40205982 -0.12196351 0.27136255
v -0.41450391 -0.12573839 0.25008240
v -0.42591747 -0.12920065 0.22818052
v -0.43627210 -0.13234169 0.20571134
v -0.44554212 -0.13515373 0.18273073
v -0.45370445 -0.13762974 0.15929581
v -0.46073878 -0.13976358 0.13546487
v -0.46662768 -0.14154996 0.11129714
v -0.47135645 -0.14298441 0.08685271
v -0.47491333 -0.14406339 0.06219234
v -0.47728953 -0.14478420 0.03737736
v -0.47847912 -0.14514505 0.01246945
v -0.47847912 -0.14514505 -0.01246945
v -0.47728953 -0.14478420 -0.03737736
v -0.47491333 -0.14406339 -0.06219234
v -0.47135645 -0.14298441 -0.08685271
v -0.46662768 -0.14154996 -0.11129714
v -0.46073878 -0.13976358 -0.13546487
v -0.45370445 -0.13762974 -0.15929581
v -0.44554212 -0.13515373 -0.18273073
v -0.43627210 -0.13234169 -0.20571134
v -0.42591747 -0.12920065 -0.22818052
v -0.41450391 -0.12573839 -0.25008240
v -0.40205982 -0.12196351 -0.27136255
v -0.38861617 -0.11788543 -0.29196804
v -0.37420632 -0.11351425 -0.31184765
v -0.35886619 -0.10886087 -0.33095198
v -0.34263384 -0.10393683 -0.34923350
v -0.32554962 -0.09875440 -0.36664673
v -0.30765608 -0.09332645 -0.38314848
v -0.28899762 -0.08766647 -0.39869762
v -0.26962068 -0.08178854 -0.41325556
v -0.24957343 -0.07570727 -0.42678606
v -0.22890569 -0.06943778 -0.43925553
v -0.20766885 -0.06299566 -0.45063291
v -0.18591571 -0.05639692 -0.46088997
v -0.16370037 -0.04965797 -0.47000117
v -0.14107805 -0.04279555 -0.47794389
v -0.11810497 -0.03582675 -0.48469836
v -0.09483826 -0.02876887 -0.49024779
v -0.07133578 -0.02163947 -0.49457836
v -0.04765595 -0.01445627 -0.49767936
v -0.02385763 -0.00723713 -0.49954307
v -0.02303339 -0.00954074 0.49954307
v -0.04600951 -0.01905776 0.49767936
v -0.06887124 -0.02852740 0.49457836
v -0.09156175 -0.03792612 0.49024779
v -0.11402463 -0.04723055 0.48469836
v -0.13620401 -0.05641755 0.47794389
v -0.15804478 -0.06546429 0.47000117
v -0.17949262 -0.07434828 0.46088997
v -0.20049422 -0.08304742 0.45063291
v -0.22099735 -0.09154010 0.43925553
v -0.24095105 -0.09980520 0.42678606
v -0.26030571 -0.10782215 0.41325556
v -0.27901320 -0.11557105 0.39869762
v -0.29702702 -0.12303263 0.38314848
v -0.31430240 -0.13018831 0.36664673
v -0.33079637 -0.13702034 0.34923350
v -0.34646792 -0.14351171 0.33095198
v -0.36127810 -0.14964629 0.31184765
v -0.37519008 -0.15540882 0.29196804
v -0.38816928 -0.16078498 0.27136255
v -0.40018343 -0.16576141 0.25008240
v -0.41120265 -0.17032573 0.22818052
v -0.42119958 -0.17446659 0.20571134
v -0.43014932 -0.17817369 0.18273073
v -0.43802965 -0.18143782 0.15929581
v -0.44482098 -0.18425089 0.13546487
v -0.45050641 -0.18660587 0.11129714
v -0.45507182 -0.18849692 0.08685271
v -0.45850584 -0.18991934 0.06219234
v -0.46079991 -0.19086959 0.03737736
v -0.46194840 -0.19134530 0.01246945
v -0.46194840 -0.19134530 -0.01246945
v -0.46079991 -0.19086959 -0.03737736
v -0.45850584 -0.18991934 -0.06219234
v -0.45507182 -0.18849692 -0.08685271
v -0.45050641 -0.18660587 -0.11129714
v -0.44482098 -0.18425089 -0.13546487
v -0.43802965 -0.18143782 -0.15929581
v -0.43014932 -0.17817369 -0.18273073
v -0.42119958 -0.17446659 -0.20571134
v -0.41120265 -0.17032573 -0.22818052
v -0.40018343 -0.16576141 -0.25008240
v -0.38816928 -0.16078498 -0.27136255
v -0.37519008 -0.15540882 -0.29196804
v -0.36127810 -0.14964629 -0.31184765
v -0.34646792 -0.14351171 -0.33095198
v -0.33079637 -0.13702034 -0.34923350
v -0.31430240 -0.13018831 -0.36664673
v -0.29702702 -0.12303263 -0.38314848
v -0.27901320 -0.11557105 -0.39869762
v -0.26030571 -0.10782215 -0.41325556
v -0.24095105 -0.09980520 -0.42678606
v -0.22099735 -0.09154010 -0.43925553
v -0.20049422 -0.08304742 -0.45063291
v -0.17949262 -0.07434828 -0.46088997
v -0.15804478 -0.06546429 -0.47000117
v -0.13620401 -0.05641755 -0.47794389
v -0.11402463 -0.04723055 -0.48469836
v -0.09156175 -0.03792612 -0.49024779
v -0.06887124 -0.02852740 -0.49457836
v -0.04600951 -0.01905776 -0.49767936
v -0.02303339 -0.00954074 -0.49954307
v -0.02198732 -0.01175247 0.49954307
v -0.04391997 -0.02347571 0.49767936
v -0.06574344 -0.03514060 0.49457836
v -0.08740345 -0.04671812 0.49024779
v -0.10884617 -0.05817948 0.48469836
v -0.13001826 -0.06949621 0.47794389
v -0.15086713 -0.08064016 0.47000117
v -0.17134090 -0.09158363 0.46088997
v -0.19138871 -0.10229940 0.45063291
v -0.21096068 -0.11276084 0.43925553
v -0.23000819 -0.12294194 0.42678606
v -0.24848384 -0.13281738 0.41325556
v -0.26634173 -0.14236262 0.39869762
v -0.28353745 -0.15155393 0.38314848
v -0.30002827 -0.16036845 0.36664673
v -0.31577314 -0.16878427 0.34923350
v -0.33073298 -0.17678045 0.33095198
v -0.34487052 -0.18433715 0.31184765
v -0.35815069 -0.19143555 0.29196804
v -0.37054045 -0.19805800 0.27136255
v -0.38200900 -0.20418805 0.25008240
v -0.39252779 -0.20981046 0.22818052
v -0.40207069 -0.21491126 0.20571134
v -0.41061397 -0.21947774 0.18273073
v -0.41813643 -0.22349857 0.15929581
v -0.42461932 -0.22696375 0.13546487
v -0.43004652 -0.22986465 0.11129714
v -0.43440457 -0.23219408 0.08685271
v -0.43768263 -0.23394626 0.06219234
v -0.43987257 -0.23511678 0.03737736
v -0.44096885 -0.23570278 0.01246945
v -0.44096885 -0.23570278 -0.01246945
v -0.43987257 -0.23511678 -0.03737736
v -0.43768263 -0.23394626 -0.06219234
v -0.43440457 -0.23219408 -0.08685271
v -0.43004652 -0.22986465 -0.11129714
v -0.42461932 -0.22696375 -0.13546487
v -0.41813643 -0.22349857 -0.15929581
v -0.41061397 -0.21947774 -0.18273073
v -0.40207069 -0.21491126 -0.20571134
v -0.39252779 -0.20981046 -0.22818052
v -0.38200900 -0.20418805 -0.25008240
v -0.37054045 -0.19805800 -0.27136255
v -0.35815069 -0.19143555 -0.29196804
v -0.34487052 -0.18433715 -0.31184765
v -0.33073298 -0.17678045 -0.33095198
v -0.31577314 -0.16878427 -0.34923350
v -0.30002827 -0.16036845 -0.36664673
v -0.28353745 -0.15155393 -0.38314848
v -0.26634173 -0.14236262 -0.39869762
v -0.24848384 -0.13281738 -0.41325556
v -0.23000819 -0.12294194 -0.42678606
v -0.21096068 -0.11276084 -0.43925553
v -0.19138871 -0.10229940 -0.45063291
v -0.17134090 -0.09158363 -0.46088997
v -0.15086713 -0.08064016 -0.47000117
v -0.13001826 -0.06949621 -0.47794389
v -0.10884617 -0.05817948 -0.48469836
v -0.08740345 -0.04671812 -0.49024779
v -0.06574344 -0.03514060 -0.49457836
v -0.04391997 -0.02347571 -0.49767936
v -0.02198732 -0.01175247 -0.49954307
v -0.02072950 -0.01385101 0.49954307
v -0.04140746 -0.02766758 0.49767936
v -0.06198248 -0.04141537 0.49457836
v -0.08240340 -0.05506019 0.49024779
v -0.10261945 -0.06856813 0.48469836
v -0.12258038 -0.08190559 0.47794389
v -0.14223654 -0.09503942 0.47000117
v -0.16153909 -0.10793697 0.46088997
v -0.18044003 -0.12056617 0.45063291
v -0.19889236 -0.13289563 0.43925553
v -0.21685021 -0.14489468 0.42678606
v -0.23426895 -0.15653350 0.41325556
v -0.25110525 -0.16778316 0.39869762
v -0.26731726 -0.17861568 0.38314848
v -0.28286468 -0.18900414 0.36664673
v -0.29770885 -0.19892270 0.34923350
v -0.31181289 -0.20834671 0.33095198
v -0.32514169 -0.21725273 0.31184765
v -0.33766215 -0.22561864 0.29196804
v -0.34934313 -0.23342360 0.27136255
v -0.36015556 -0.24064826 0.25008240
v -0.37007261 -0.24727462 0.22818052
v -0.37906961 -0.25328622 0.20571134
v -0.38712417 -0.25866811 0.18273073
v -0.39421627 -0.26340689 0.15929581
v -0.40032833 -0.26749082 0.13546487
v -0.40544506 -0.27090973 0.11129714
v -0.40955382 -0.27365510 0.08685271
v -0.41264436 -0.27572014 0.06219234
v -0.41470898 -0.27709968 0.03737736
v -0.41574257 -0.27779032 0.01246945
v -0.41574257 -0.27779032 -0.01246945
v -0.41470898 -0.27709968 -0.03737736
v -0.41264436 -0.27572014 -0.06219234
v -0.40955382 -0.27365510 -0.08685271
v -0.40544506 -0.27090973 -0.11129714
v -0.40032833 -0.26749082 -0.13546487
v -0.39421627 -0.26340689 -0.15929581
v -0.38712417 -0.25866811 -0.18273073
v -0.37906961 -0.25328622 -0.20571134
v -0.37007261 -0.24727462 -0.22818052
v -0.36015556 -0.24064826 -0.25008240
v -0.34934313 -0.23342360 -0.27136255
v -0.33766215 -0.22561864 -0.29196804
v -0.32514169 -0.21725273 -0.31184765
v -0.31181289 -0.20834671 -0.33095198
v -0.29770885 -0.19892270 -0.34923350
v -0.28286468 -0.18900414 -0.36664673
v -0.26731726 -0.17861568 -0.38314848
v -0.25110525 -0.16778316 -0.39869762
v -0.23426895 -0.15653350 -0.41325556
v -0.21685021 -0.14489468 -0.42678606
v -0.19889236 -0.13289563 -0.43925553
v -0.18044003 -0.12056617 -0.45063291
v -0.16153909 -0.10793697 -0.46088997
v -0.14223654 -0.09503942 -0.47000117
v -0.12258038 -0.08190559 -0.47794389
v -0.10261945 -0.06856813 -0.48469836
v -0.08240340 -0.05506019 -0.49024779
v -0.06198248 -0.04141537 -0.49457836
v -0.04140746 -0.02766758 -0.49767936
v -0.02072950 -0.01385101 -0.49954307
v -0.01927205 -0.01581616 0.49954307
v -0.03849618 -0.03159300 0.49767936
v -0.05762460 -0.04729129 0.49457836
v -0.07660976 -0.06287201 0.49024779
v -0.09540446 -0.07829642 0.48469836
v -0.11396197 -0.09352617 0.47794389
v -0.13223615 -0.10852340 0.47000117
v -0.15018156 -0.12325082 0.46088997
v -0.16775360 -0.13767183 0.45063291
v -0.18490859 -0.15175056 0.43925553
v -0.20160387 -0.16545201 0.42678606
v -0.21779792 -0.17874212 0.41325556
v -0.23345049 -0.19158786 0.39869762
v -0.24852265 -0.20395728 0.38314848
v -0.26297697 -0.21581961 0.36664673
v -0.27677748 -0.22714540 0.34923350
v -0.28988987 -0.23790647 0.33095198
v -0.30228155 -0.24807607 0.31184765
v -0.31392172 -0.25762889 0.29196804
v -0.32478143 -0.26654122 0.27136255
v -0.33483369 -0.27479090 0.25008240
v -0.34405345 -0.28235738 0.22818052
v -0.35241791 -0.28922189 0.20571134
v -0.35990615 -0.29536735 0.18273073
v -0.36649962 -0.30077848 0.15929581
v -0.37218192 -0.30544183 0.13546487
v -0.37693893 -0.30934578 0.11129714
v -0.38075881 -0.31248068 0.08685271
v -0.38363204 -0.31483867 0.06219234
v -0.38555150 -0.31641396 0.03737736
v -0.38651243 -0.31720256 0.01246945
v -0.38651243 -0.31720256 -0.01246945
v -0.38555150 -0.31641396 -0.03737736
v -0.38363204 -0.31483867 -0.06219234
v -0.38075881 -0.31248068 -0.08685271
v -0.37693893 -0.30934578 -0.11129714
v -0.37218192 -0.30544183 -0.13546487
v -0.36649962 -0.30077848 -0.15929581
v -0.35990615 -0.29536735 -0.18273073
v -0.35241791 -0.28922189 -0.20571134
v -0.34405345 -0.28235738 -0.22818052
v -0.33483369 -0.27479090 -0.25008240
v -0.32478143 -0.26654122 -0.27136255
v -0.31392172 -0.25762889 -0.29196804
v -0.30228155 -0.24807607 -0.31184765
v -0.28988987 -0.23790647 -0.33095198
v -0.27677748 -0.22714540 -0.34923350
v -0.26297697 -0.21581961 -0.36664673
v -0.24852265 -0.20395728 -0.38314848
v -0.23345049 -0.19158786 -0.39869762
v -0.21779792 -0.17874212 -0.41325556
v -0.20160387 -0.16545201 -0.42678606
v -0.18490859 -0.15175056 -0.43925553
v -0.16775360 -0.13767183 -0.45063291
v -0.15018156 -0.12325082 -0.46088997
v -0.13223615 -0.10852340 -0.47000117
v -0.11396197 -0.09352617 -0.47794389
v -0.09540446 -0.07829642 -0.48469836
v -0.07660976 -0.06287201 -0.49024779
v -0.05762460 -0.04729129 -0.49457836
v -0.03849618 -0.03159300 -0.49767936
v -0.01927205 -0.01581616 -0.49954307
v -0.01762899 -0.01762899 0.49954307
v -0.03521415 -0.03521415 0.49767936
v -0.05271177 -0.05271177 0.49457836
v -0.07007833 -0.07007833 0.49024779
v -0.08727067 -0.08727067 0.48469836
v -0.10424604 -0.10424604 0.47794389
v -0.12096224 -0.12096224 0.47000117
v -0.13737771 -0.13737771 0.46088997
v -0.15345163 -0.15345163 0.45063291
v -0.16914404 -0.16914404 0.43925553
v -0.18441595 -0.18441595 0.42678606
v -0.19922937 -0.19922937 0.41325556
v -0.21354746 -0.21354746 0.39869762
v -0.22733464 -0.22733464 0.38314848
v -0.24055663 -0.24055663 0.36664673
v -0.25318058 -0.25318058 0.34923350
v -0.26517506 -0.26517506 0.33095198
v -0.27651027 -0.27651027 0.31184765
v -0.28715805 -0.28715805 0.29196804
v -0.29709191 -0.29709191 0.27136255
v -0.30628714 -0.30628714 0.25008240
v -0.31472090 -0.31472090 0.22818052
v -0.32237219 -0.32237219 0.20571134
v -0.32922206 -0.32922206 0.18273073
v -0.33525340 -0.33525340 0.15929581
v -0.34045123 -0.34045123 0.13546487
v -0.34480268 -0.34480268 0.11129714
v -0.34829687 -0.34829687 0.08685271
v -0.35092515 -0.35092515 0.06219234
v -0.35268098 -0.35268098 0.03737736
v -0.35355999 -0.35355999 0.01246945
v -0.35355999 -0.35355999 -0.01246945
v -0.35268098 -0.35268098 -0.03737736
v -0.35092515 -0.35092515 -0.06219234
v -0.34829687 -0.34829687 -0.08685271
v -0.34480268 -0.34480268 -0.11129714
v -0.34045123 -0.34045123 -0.13546487
v -0.33525340 -0.33525340 -0.15929581
v -0.32922206 -0.32922206 -0.18273073
v -0.32237219 -0.32237219 -0.20571134
v -0.31472090 -0.31472090 -0.22818052
v -0.30628714 -0.30628714 -0.25008240
v -0.29709191 -0.29709191 -0.27136255
v -0.28715805 -0.28715805 -0.29196804
v -0.27651027 -0.27651027 -0.31184765
v -0.26517506 -0.26517506 -0.33095198
v -0.25318058 -0.25318058 -0.34923350
v -0.24055663 -0.24055663 -0.36664673
v -0.22733464 -0.22733464 -0.38314848
v -0.21354746 -0.21354746 -0.39869762
v -0.19922937 -0.19922937 -0.41325556
v -0.18441595 -0.18441595 -0.42678606
v -0.16914404 -0.16914404 -0.43925553
v -0.15345163 -0.15345163 -0.45063291
v -0.13737771 -0.13737771 -0.46088997
v -0.12096224 -0.12096224 -0.47000117
v -0.10424604 -0.10424604 -0.47794389
v -0.08727067 -0.08727067 -0.48469836
v -0.07007833 -0.07007833 -0.49024779
v -0.05271177 -0.05271177 -0.49457836
v -0.03521415 -0.03521415 -0.49767936
v -0.01762899 -0.01762899 -0.49954307
v -0.01581616 -0.01927205 0.49954307
v -0.03159300 -0.03849618 0.49767936
v -0.04729129 -0.05762460 0.49457836
v -0.06287201 -0.07660976 0.49024779
v -0.07829642 -0.09540446 0.48469836
v -0.09352617 -0.11396197 0.47794389
v -0.10852340 -0.13223615 0.47000117
v -0.12325082 -0.15018156 0.46088997
v -0.13767183 -0.16775360 0.45063291
v -0.15175056 -0.18490859 0.43925553
v -0.16545201 -0.20160387 0.42678606
v -0.17874212 -0.21779792 0.41325556
v -0.19158786 -0.23345049 0.39869762
v -0.20395728 -0.24852265 0.38314848
v -0.21581961 -0.26297697 0.36664673
v -0.22714540 -0.27677748 0.34923350
v -0.23790647 -0.28988987 0.33095198
v -0.24807607 -0.30228155 0.31184765
v -0.25762889 -0.31392172 0.29196804
v -0.26654122 -0.32478143 0.27136255
v -0.27479090 -0.33483369 0.25008240
v -0.28235738 -0.34405345 0.22818052
v -0.28922189 -0.35241791 0.20571134
v -0.29536735 -0.35990615 0.18273073
v -0.30077848 -0.36649962 0.15929581
v -0.30544183 -0.37218192 0.13546487
v -0.30934578 -0.37693893 0.11129714
v -0.31248068 -0.38075881 0.08685271
v -0.31483867 -0.38363204 0.06219234
v -0.31641396 -0.38555150 0.03737736
v -0.31720256 -0.38651243 0.01246945
v -0.31720256 -0.38651243 -0.01246945
v -0.31641396 -0.38555150 -0.03737736
v -0.31483867 -0.38363204 -0.06219234
v -0.31248068 -0.38075881 -0.08685271
v -0.30934578 -0.37693893 -0.11129714
v -0.30544183 -0.37218192 -0.13546487
v -0.30077848 -0.36649962 -0.15929581
v -0.29536735 -0.35990615 -0.18273073
v -0.28922189 -0.35241791 -0.20571134
v -0.28235738 -0.34405345 -0.22818052
v -0.27479090 -0.33483369 -0.25008240
v -0.26654122 -0.32478143 -0.27136255
v -0.25762889 -0.31392172 -0.29196804
v -0.24807607 -0.30228155 -0.31184765
v -0.23790647 -0.28988987 -0.33095198
v -0.22714540 -0.27677748 -0.34923350
v -0.21581961 -0.26297697 -0.36664673
v -0.20395728 -0.24852265 -0.38314848
v -0.19158786 -0.23345049 -0.39869762
v -0.17874212 -0.21779792 -0.41325556
v -0.16545201 -0.20160387 -0.42678606
v -0.15175056 -0.18490859 -0.43925553
v -0.13767183 -0.16775360 -0.45063291
v -0.12325082 -0.15018156 -0.46088997
v -0.10852340 -0.13223615 -0.47000117
v -0.09352617 -0.11396197 -0.47794389
v -0.07829642 -0.09540446 -0.48469836
v -0.06287201 -0.07660976 -0.49024779
v -0.04729129 -0.05762460 -0.49457836
v -0.03159300 -0.03849618 -0.49767936
v -0.01581616 -0.01927205 -0.49954307
v -0.01385101 -0.02072950 0.49954307
v -0.02766758 -0.04140746 0.49767936
v -0.04141537 -0.06198248 0.49457836
v -0.05506019 -0.08240340 0.49024779
v -0.06856813 -0.10261945 0.48469836
v -0.08190559 -0.12258038 0.47794389
v -0.09503942 -0.14223654 0.47000117
v -0.10793697 -0.16153909 0.46088997
v -0.12056617 -0.18044003 0.45063291
v -0.13289563 -0.19889236 0.43925553
v -0.14489468 -0.21685021 0.42678606
v -0.15653350 -0.23426895 0.41325556
v -0.16778316 -0.25110525 0.39869762
v -0.17861568 -0.26731726 0.38314848
v -0.18900414 -0.28286468 0.36664673
v -0.19892270 -0.29770885 0.34923350
v -0.20834671 -0.31181289 0.33095198
v -0.21725273 -0.32514169 0.31184765
v -0.22561864 -0.33766215 0.29196804
v -0.23342360 -0.34934313 0.27136255
v -0.24064826 -0.36015556 0.25008240
v -0.24727462 -0.37007261 0.22818052
v -0.25328622 -0.37906961 0.20571134
v -0.25866811 -0.38712417 0.18273073
v -0.26340689 -0.39421627 0.15929581
v -0.26749082 -0.40032833 0.13546487
v -0.27090973 -0.40544506 0.11129714
v -0.27365510 -0.40955382 0.08685271
v -0.27572014 -0.41264436 0.06219234
v -0.27709968 -0.41470898 0.03737736
v -0.27779032 -0.41574257 0.01246945
v -0.27779032 -0.41574257 -0.01246945
v -0.27709968 -0.41470898 -0.03737736
v -0.27572014 -0.41264436 -0.06219234
v -0.27365510 -0.40955382 -0.08685271
v -0.27090973 -0.40544506 -0.11129714
v -0.26749082 -0.40032833 -0.13546487
v -0.26340689 -0.39421627 -0.15929581
v -0.25866811 -0.38712417 -0.18273073
v -0.25328622 -0.37906961 -0.20571134
v -0.24727462 -0.37007261 -0.22818052
v -0.24064826 -0.36015556 -0.25008240
v -0.23342360 -0.34934313 -0.27136255
v -0.22561864 -0.33766215 -0.29196804
v -0.21725273 -0.32514169 -0.31184765
v -0.20834671 -0.31181289 -0.33095198
v -0.19892270 -0.29770885 -0.34923350
v -0.18900414 -0.28286468 -0.36664673
v -0.17861568 -0.26731726 -0.38314848
v -0.16778316 -0.25110525 -0.39869762
v -0.15653350 -0.23426895 -0.41325556
v -0.14489468 -0.21685021 -0.42678606
v -0.13289563 -0.19889236 -0.43925553
v -0.12056617 -0.18044003 -0.45063291
v -0.10793697 -0.16153909 -0.46088997
v -0.09503942 -0.14223654 -0.47000117
v -0.08190559 -0.12258038 -0.47794389
v -0.06856813 -0.10261945 -0.48469836
v -0.05506019 -0.08240340 -0.49024779
v -0.04141537 -0.06198248 -0.49457836
v -0.02766758 -0.04140746 -0.49767936
v -0.01385101 -0.02072950 -0.49954307
v -0.01175247 -0.02198732 0.49954307
v -0.02347571 -0.04391997 0.49767936
v -0.03514060 -0.06574344 0.49457836
v -0.04671812 -0.08740345 0.49024779
v -0.05817948 -0.10884617 0.48469836
v -0.06949621 -0.13001826 0.47794389
v -0.08064016 -0.15086713 0.47000117
v -0.09158363 -0.17134090 0.46088997
v -0.10229940 -0.19138871 0.45063291
v -0.11276084 -0.21096068 0.43925553
v -0.12294194 -0.23000819 0.42678606
v -0.13281738 -0.24848384 0.41325556
v -0.14236262 -0.26634173 0.39869762
v -0.15155393 -0.28353745 0.38314848
v -0.16036845 -0.30002827 0.36664673
v -0.16878427 -0.31577314 0.34923350
v -0.17678045 -0.33073298 0.33095198
v -0.18433715 -0.34487052 0.31184765
v -0.19143555 -0.35815069 0.29196804
v -0.19805800 -0.37054045 0.27136255
v -0.20418805 -0.38200900 0.25008240
v -0.20981046 -0.39252779 0.22818052
v -0.21491126 -0.40207069 0.20571134
v -0.21947774 -0.41061397 0.18273073
v -0.22349857 -0.41813643 0.15929581
v -0.22696375 -0.42461932 0.13546487
v -0.22986465 -0.43004652 0.11129714
v -0.23219408 -0.43440457 0.08685271
v -0.23394626 -0.43768263 0.06219234
v -0.23511678 -0.43987257 0.03737736
v -0.23570278 -0.44096885 0.01246945
v -0.23570278 -0.44096885 -0.01246945
v -0.23511678 -0.43987257 -0.03737736
v -0.23394626 -0.43768263 -0.06219234
v -0.23219408 -0.43440457 -0.08685271
v -0.22986465 -0.43004652 -0.11129714
v -0.22696375 -0.42461932 -0.13546487
v -0.22349857 -0.41813643 -0.15929581
v -0.21947774 -0.41061397 -0.18273073
v -0.21491126 -0.40207069 -0.20571134
v -0.20981046 -0.39252779 -0.22818052
v -0.20418805 -0.38200900 -0.25008240
v -0.19805800 -0.37054045 -0.27136255
v -0.19143555 -0.35815069 -0.29196804
v -0.18433715 -0.34487052 -0.31184765
v -0.17678045 -0.33073298 -0.33095198
v -0.16878427 -0.31577314 -0.34923350
v -0.16036845 -0.30002827 -0.36664673
v -0.15155393 -0.28353745 -0.38314848
v -0.14236262 -0.26634173 -0.39869762
v -0.13281738 -0.24848384 -0.41325556
v -0.12294194 -0.23000819 -0.42678606
v -0.11276084 -0.21096068 -0.43925553
v -0.10229940 -0.19138871 -0.45063291
v -0.09158363 -0.17134090 -0.46088997
v -0.08064016 -0.15086713 -0.47000117
v -0.06949621 -0.13001826 -0.47794389
v -0.05817948 -0.10884617 -0.48469836
v -0.04671812 -0.08740345 -0.49024779
v -0.03514060 -0.06574344 -0.49457836
v -0.02347571 -0.04391997 -0.49767936
v -0.01175247 -0.02198732 -0.49954307
v -0.00954074 -0.02303339 0.49954307
v -0.01905776 -0.04600951 0.49767936
v -0.02852740 -0.06887124 0.49457836
v -0.03792612 -0.09156175 0.49024779
v -0.04723055 -0.11402463 0.48469836
v -0.05641755 -0.13620401 0.47794389
v -0.06546429 -0.15804478 0.47000117
v -0.07434828 -0.17949262 0.46088997
v -0.08304742 -0.20049422 0.45063291
v -0.09154010 -0.22099735 0.43925553
v -0.09980520 -0.24095105 0.42678606
v -0.10782215 -0.26030571 0.41325556
v -0.11557105 -0.27901320 0.39869762
v -0.12303263 -0.29702702 0.38314848
v -0.13018831 -0.31430240 0.36664673
v -0.13702034 -0.33079637 0.34923350
v -0.14351171 -0.34646792 0.33095198
v -0.14964629 -0.36127810 0.31184765
v -0.15540882 -0.37519008 0.29196804
v -0.16078498 -0.38816928 0.27136255
v -0.16576141 -0.40018343 0.25008240
v -0.17032573 -0.41120265 0.22818052
v -0.17446659 -0.42119958 0.20571134
v -0.17817369 -0.43014932 0.18273073
v -0.18143782 -0.43802965 0.15929581
v -0.18425089 -0.44482098 0.13546487
v -0.18660587 -0.45050641 0.11129714
v -0.18849692 -0.45507182 0.08685271
v -0.18991934 -0.45850584 0.06219234
v -0.19086959 -0.46079991 0.03737736
v -0.19134530 -0.46194840 0.01246945
v -0.19134530 -0.46194840 -0.01246945
v -0.19086959 -0.46079991 -0.03737736
v -0.18991934 -0.45850584 -0.06219234
v -0.18849692 -0.45507182 -0.08685271
v -0.18660587 -0.45050641 -0.11129714
v -0.18425089 -0.44482098 -0.13546487
v -0.18143782 -0.43802965 -0.15929581
v -0.17817369 -0.43014932 -0.18273073
v -0.17446659 -0.42119958 -0.20571134
v -0.17032573 -0.41120265 -0.22818052
v -0.16576141 -0.40018343 -0.25008240
v -0.16078498 -0.38816928 -0.27136255
v -0.15540882 -0.37519008 -0.29196804
v -0.14964629 -0.36127810 -0.31184765
v -0.14351171 -0.34646792 -0.33095198
v -0.13702034 -0.33079637 -0.34923350
v -0.13018831 -0.31430240 -0.36664673
v -0.12303263 -0.29702702 -0.38314848
v -0.11557105 -0.27901320 -0.39869762
v -0.10782215 -0.26030571 -0.41325556
v -0.09980520 -0.24095105 -0.42678606
v -0.09154010 -0.22099735 -0.43925553
v -0.08304742 -0.20049422 -0.45063291
v -0.07434828 -0.17949262 -0.46088997
v -0.06546429 -0.15804478 -0.47000117
v -0.05641755 -0.13620401 -0.47794389
v -0.04723055 -0.11402463 -0.48469836
v -0.03792612 -0.09156175 -0.49024779
v -0.02852740 -0.06887124 -0.49457836
v -0.01905776 -0.04600951 -0.49767936
v -0.00954074 -0.02303339 -0.49954307
v -0.00723713 -0.02385763 0.49954307
v -0.01445627 -0.04765595 0.49767936
v -0.02163947 -0.07133578 0.49457836
v -0.02876887 -0.09483826 0.49024779
v -0.03582675 -0.11810497 0.48469836
v -0.04279555 -0.14107805 0.47794389
v -0.04965797 -0.16370037 0.47000117
v -0.05639692 -0.18591571 0.46088997
v -0.06299566 -0.20766885 0.45063291
v -0.06943778 -0.22890569 0.43925553
v -0.07570727 -0.24957343 0.42678606
v -0.08178854 -0.26962068 0.41325556
v -0.08766647 -0.28899762 0.39869762
v -0.09332645 -0.30765608 0.38314848
v -0.09875440 -0.32554962 0.36664673
v -0.10393683 -0.34263384 0.34923350
v -0.10886087 -0.35886619 0.33095198
v -0.11351425 -0.37420632 0.31184765
v -0.11788543 -0.38861617 0.29196804
v -0.12196351 -0.40205982 0.27136255
v -0.12573839 -0.41450391 0.25008240
v -0.12920065 -0.42591747 0.22818052
v -0.13234169 -0.43627210 0.20571134
v -0.13515373 -0.44554212 0.18273073
v -0.13762974 -0.45370445 0.15929581
v -0.13976358 -0.46073878 0.13546487
v -0.14154996 -0.46662768 0.11129714
v -0.14298441 -0.47135645 0.08685271
v -0.14406339 -0.47491333 0.06219234
v -0.14478420 -0.47728953 0.03737736
v -0.14514505 -0.47847912 0.01246945
v -0.14514505 -0.47847912 -0.01246945
v -0.14478420 -0.47728953 -0.03737736
v -0.14406339 -0.47491333 -0.06219234
v -0.14298441 -0.47135645 -0.08685271
v -0.14154996 -0.46662768 -0.11129714
v -0.13976358 -0.46073878 -0.13546487
v -0.13762974 -0.45370445 -0.15929581
v -0.13515373 -0.44554212 -0.18273073
v -0.13234169 -0.43627210 -0.20571134
v -0.12920065 -0.42591747 -0.22818052
v -0.12573839 -0.41450391 -0.25008240
v -0.12196351 -0.40205982 -0.27136255
v -0.11788543 -0.38861617 -0.29196804
v -0.11351425 -0.37420632 -0.31184765
v -0.10886087 -0.35886619 -0.33095198
v -0.10393683 -0.34263384 -0.34923350
v -0.09875440 -0.32554962 -0.36664673
v -0.09332645 -0.30765608 -0.38314848
v -0.08766647 -0.28899762 -0.39869762
v -0.08178854 -0.26962068 -0.41325556
v -0.07570727 -0.24957343 -0.42678606
v -0.06943778 -0.22890569 -0.43925553
v -0.06299566 -0.20766885 -0.45063291
v -0.05639692 -0.18591571 -0.46088997
v -0.04965797 -0.16370037 -0.47000117
v -0.04279555 -0.14107805 -0.47794389
v -0.03582675 -0.11810497 -0.48469836
v -0.02876887 -0.09483826 -0.49024779
v -0.02163947 -0.07133578 -0.49457836
v -0.01445627 -0.04765595 -0.49767936
v -0.00723713 -0.02385763 -0.49954307
v -0.00486383 -0.02445211 0.49954307
v -0.00971556 -0.04884343 0.49767936
v -0.01454314 -0.07311332 0.49457836
v -0.01933457 -0.09720144 0.49024779
v -0.02407792 -0.12104790 0.48469836
v -0.02876142 -0.14459341 0.47794389
v -0.03337341 -0.16777943 0.47000117
v -0.03790242 -0.19054836 0.46088997
v -0.04233721 -0.21284353 0.45063291
v -0.04666674 -0.23460953 0.43925553
v -0.05088025 -0.25579227 0.42678606
v -0.05496726 -0.27633907 0.41325556
v -0.05891761 -0.29619884 0.39869762
v -0.06272149 -0.31532221 0.38314848
v -0.06636943 -0.33366165 0.36664673
v -0.06985236 -0.35117154 0.34923350
v -0.07316163 -0.36780838 0.33095198
v -0.07628901 -0.38353076 0.31184765
v -0.07922673 -0.39829965 0.29196804
v -0.08196747 -0.41207830 0.27136255
v -0.08450443 -0.42483248 0.25008240
v -0.08683130 -0.43653044 0.22818052
v -0.08894229 -0.44714311 0.20571134
v -0.09083216 -0.45664411 0.18273073
v -0.09249620 -0.46500983 0.15929581
v -0.09393029 -0.47221942 0.13546487
v -0.09513084 -0.47825504 0.11129714
v -0.09609490 -0.48310165 0.08685271
v -0.09682003 -0.48674718 0.06219234
v -0.09730447 -0.48918260 0.03737736
v -0.09754698 -0.49040180 0.01246945
v -0.09754698 -0.49040180 -0.01246945
v -0.09730447 -0.48918260 -0.03737736
v -0.09682003 -0.48674718 -0.06219234
v -0.09609490 -0.48310165 -0.08685271
v -0.09513084 -0.47825504 -0.11129714
v -0.09393029 -0.47221942 -0.13546487
v -0.09249620 -0.46500983 -0.15929581
v -0.09083216 -0.45664411 -0.18273073
v -0.08894229 -0.44714311 -0.20571134
v -0.08683130 -0.43653044 -0.22818052
v -0.08450443 -0.42483248 -0.25008240
v -0.08196747 -0.41207830 -0.27136255
v -0.07922673 -0.39829965 -0.29196804
v -0.07628901 -0.38353076 -0.31184765
v -0.07316163 -0.36780838 -0.33095198
v -0.06985236 -0.35117154 -0.34923350
v -0.06636943 -0.33366165 -0.36664673
v -0.06272149 -0.31532221 -0.38314848
v -0.05891761 -0.29619884 -0.39869762
v -0.05496726 -0.27633907 -0.41325556
v -0.05088025 -0.25579227 -0.42678606
v -0.04666674 -0.23460953 -0.43925553
v -0.04233721 -0.21284353 -0.45063291
v -0.03790242 -0.19054836 -0.46088997
v -0.03337341 -0.16777943 -0.47000117
v -0.02876142 -0.14459341 -0.47794389
v -0.02407792 -0.12104790 -0.48469836
v -0.01933457 -0.09720144 -0.49024779
v -0.01454314 -0.07311332 -0.49457836
v -0.00971556 -0.04884343 -0.49767936
v -0.00486383 -0.02445211 -0.49954307
v -0.00244368 -0.02481111 0.49954307
v -0.00488129 -0.04956053 0.49767936
v -0.00730676 -0.07418674 0.49457836
v -0.00971406 -0.09862851 0.49024779
v -0.01209721 -0.12282507 0.48469836
v -0.01445029 -0.14671626 0.47794389
v -0.01676744 -0.17024271 0.47000117
v -0.01904291 -0.19334589 0.46088997
v -0.02127103 -0.21596840 0.45063291
v -0.02344627 -0.23805396 0.43925553
v -0.02556322 -0.25954769 0.42678606
v -0.02761661 -0.28039615 0.41325556
v -0.02960134 -0.30054749 0.39869762
v -0.03151248 -0.31995163 0.38314848
v -0.03334528 -0.33856031 0.36664673
v -0.03509517 -0.35632728 0.34923350
v -0.03675782 -0.37320838 0.33095198
v -0.03832907 -0.38916162 0.31184765
v -0.03980504 -0.40414733 0.29196804
v -0.04118204 -0.41812827 0.27136255
v -0.04245665 -0.43106966 0.25008240
v -0.04362572 -0.44293937 0.22818052
v -0.04468632 -0.45370785 0.20571134
v -0.04563583 -0.46334836 0.18273073
v -0.04647188 -0.47183687 0.15929581
v -0.04719239 -0.47915236 0.13546487
v -0.04779557 -0.48527659 0.11129714
v -0.04827993 -0.49019432 0.08685271
v -0.04864425 -0.49389340 0.06219234
v -0.04888764 -0.49636453 0.03737736
v -0.04900949 -0.49760167 0.01246945
v -0.04900949 -0.49760167 -0.01246945
v -0.04888764 -0.49636453 -0.03737736
v -0.04864425 -0.49389340 -0.06219234
v -0.04827993 -0.49019432 -0.08685271
v -0.04779557 -0.48527659 -0.11129714
v -0.04719239 -0.47915236 -0.13546487
v -0.04647188 -0.47183687 -0.15929581
v -0.04563583 -0.46334836 -0.18273073
v -0.04468632 -0.45370785 -0.20571134
v -0.04362572 -0.44293937 -0.22818052
v -0.04245665 -0.43106966 -0.25008240
v -0.04118204 -0.41812827 -0.27136255
v -0.03980504 -0.40414733 -0.29196804
v -0.03832907 -0.38916162 -0.31184765
v -0.03675782 -0.37320838 -0.33095198
v -0.03509517 -0.35632728 -0.34923350
v -0.03334528 -0.33856031 -0.36664673
v -0.03151248 -0.31995163 -0.38314848
v -0.02960134 -0.30054749 -0.39869762
v -0.02761661 -0.28039615 -0.41325556
v -0.02556322 -0.25954769 -0.42678606
v -0.02344627 -0.23805396 -0.43925553
v -0.02127103 -0.21596840 -0.45063291
v -0.01904291 -0.19334589 -0.46088997
v -0.01676744 -0.17024271 -0.47000117
v -0.01445029 -0.14671626 -0.47794389
v -0.01209721 -0.12282507 -0.48469836
v -0.00971406 -0.09862851 -0.49024779
v -0.00730676 -0.07418674 -0.49457836
v -0.00488129 -0.04956053 -0.49767936
v -0.00244368 -0.02481111 -0.49954307
v -0.00000000 -0.02493116 0.49954307
v -0.00000000 -0.04980033 0.49767936
v -0.00000000 -0.07454569 0.49457836
v -0.00000000 -0.09910573 0.49024779
v -0.00000000 -0.12341936 0.48469836
v -0.00000000 -0.14742616 0.47794389
v -0.00000000 -0.17106644 0.47000117
v -0.00000000 -0.19428141 0.46088997
v -0.00000000 -0.21701338 0.45063291
v -0.00000000 -0.23920581 0.43925553
v -0.00000000 -0.26080354 0.42678606
v -0.00000000 -0.28175286 0.41325556
v -0.00000000 -0.30200171 0.39869762
v -0.00000000 -0.32149975 0.38314848
v -0.00000000 -0.34019846 0.36664673
v -0.00000000 -0.35805140 0.34923350
v -0.00000000 -0.37501416 0.33095198
v -0.00000000 -0.39104460 0.31184765
v -0.00000000 -0.40610282 0.29196804
v -0.00000000 -0.42015141 0.27136255
v -0.00000000 -0.43315542 0.25008240
v -0.00000000 -0.44508257 0.22818052
v -0.00000000 -0.45590316 0.20571134
v -0.00000000 -0.46559027 0.18273073
v -0.00000000 -0.47411988 0.15929581
v -0.00000000 -0.48147079 0.13546487
v -0.00000000 -0.48762462 0.11129714
v -0.00000000 -0.49256617 0.08685271
v -0.00000000 -0.49628314 0.06219234
v -0.00000000 -0.49876626 0.03737736
v -0.00000000 -0.50000934 0.01246945
v -0.00000000 -0.50000934 -0.01246945
v -0.00000000 -0.49876626 -0.03737736
v -0.00000000 -0.49628314 -0.06219234
v -0.00000000 -0.49256617 -0.08685271
v -0.00000000 -0.48762462 -0.11129714
v -0.00000000 -0.48147079 -0.13546487
v -0.00000000 -0.47411988 -0.15929581
v -0.00000000 -0.46559027 -0.18273073
v -0.00000000 -0.45590316 -0.20571134
v -0.00000000 -0.44508257 -0.22818052
v -0.00000000 -0.43315542 -0.25008240
v -0.00000000 -0.42015141 -0.27136255
v -0.00000000 -0.40610282 -0.29196804
v -0.00000000 -0.39104460 -0.31184765
v -0.00000000 -0.37501416 -0.33095198
v -0.00000000 -0.35805140 -0.34923350
v -0.00000000 -0.34019846 -0.36664673
v -0.00000000 -0.32149975 -0.38314848
v -0.00000000 -0.30200171 -0.39869762
v -0.00000000 -0.28175286 -0.41325556
v -0.00000000 -0.26080354 -0.42678606
v -0.00000000 -0.23920581 -0.43925553
v -0.00000000 -0.21701338 -0.45063291
v -0.00000000 -0.19428141 -0.46088997
v -0.00000000 -0.17106644 -0.47000117
v -0.00000000 -0.14742616 -0.47794389
v -0.00000000 -0.12341936 -0.48469836
v -0.00000000 -0.09910573 -0.49024779
v -0.00000000 -0.07454569 -0.49457836
v -0.00000000 -0.04980033 -0.49767936
v -0.00000000 -0.02493116 -0.49954307
v 0.00244368 -0.02481111 0.49954307
v 0.00488129 -0.04956053 0.49767936
v 0.00730676 -0.07418674 0.49457836
v 0.00971406 -0.09862851 0.49024779
v 0.01209721 -0.12282507 0.48469836
v 0.01445029 -0.14671626 0.47794389
v 0.01676744 -0.17024271 0.47000117
v 0.01904291 -0.19334589 0.46088997
v 0.02127103 -0.21596840 0.45063291
v 0.02344627 -0.23805396 0.43925553
v 0.02556322 -0.25954769 0.42678606
v 0.02761661 -0.28039615 0.41325556
v 0.02960134 -0.30054749 0.39869762
v 0.03151248 -0.31995163 0.38314848
v 0.03334528 -0.33856031 0.36664673
v 0.03509517 -0.35632728 0.34923350
v 0.03675782 -0.37320838 0.33095198
v 0.03832907 -0.38916162 0.31184765
v 0.03980504 -0.40414733 0.29196804
v 0.04118204 -0.41812827 0.27136255
v 0.04245665 -0.43106966 0.25008240
v 0.04362572 -0.44293937 0.22818052
v 0.04468632 -0.45370785 0.20571134
v 0.04563583 -0.46334836 0.18273073
v 0.04647188 -0.47183687 0.15929581
v 0.04719239 -0.47915236 0.13546487
v 0.04779557 -0.48527659 0.11129714
v 0.04827993 -0.49019432 0.08685271
v 0.04864425 -0.49389340 0.06219234
v 0.04888764 -0.49636453 0.03737736
v 0.04900949 -0.49760167 0.01246945
v 0.04900949 -0.49760167 -0.01246945
v 0.04888764 -0.49636453 -0.03737736
v 0.04864425 -0.49389340 -0.06219234
v 0.04827993 -0.49019432 -0.08685271
v 0.04779557 -0.48527659 -0.11129714
v 0.04719239 -0.47915236 -0.13546487
v 0.04647188 -0.47183687 -0.15929581
v 0.04563583 -0.46334836 -0.18273073
v 0.04468632 -0.45370785 -0.20571134
v 0.04362572 -0.44293937 -0.22818052
v 0.04245665 -0.43106966 -0.25008240
v 0.04118204 -0.41812827 -0.27136255
v 0.03980504 -0.40414733 -0.29196804
v 0.03832907 -0.38916162 -0.31184765
v 0.03675782 -0.37320838 -0.33095198
v 0.03509517 -0.35632728 -0.34923350
v 0.03334528 -0.33856031 -0.36664673
v 0.03151248 -0.31995163 -0.38314848
v 0.02960134 -0.30054749 -0.39869762
v 0.02761661 -0.28039615 -0.41325556
v 0.02556322 -0.25954769 -0.42678606
v 0.02344627 -0.23805396 -0.43925553
v 0.02127103 -0.21596840 -0.45063291
v 0.01904291 -0.19334589 -0.46088997
v 0.01676744 -0.17024271 -0.47000117
v 0.01445029 -0.14671626 -0.47794389
v 0.01209721 -0.12282507 -0.48469836
v 0.00971406 -0.09862851 -0.49024779
v 0.00730676 -0.07418674 -0.49457836
v 0.00488129 -0.04956053 -0.49767936
v 0.00244368 -0.02481111 -0.49954307
v 0.00486383 -0.02445211 0.49954307
v 0.00971556 -0.04884343 0.49767936
v 0.01454314 -0.07311332 0.49457836
v 0.01933457 -0.09720144 0.49024779
v 0.02407792 -0.12104790 0.48469836
v 0.02876142 -0.14459341 0.47794389
v 0.03337341 -0.16777943 0.47000117
v 0.03790242 -0.19054836 0.46088997
v 0.04233721 -0.21284353 0.45063291
v 0.04666674 -0.23460953 0.43925553
v 0.05088025 -0.25579227 0.42678606
v 0.05496726 -0.27633907 0.41325556
v 0.05891761 -0.29619884 0.39869762
v 0.06272149 -0.31532221 0.38314848
v 0.06636943 -0.33366165 0.36664673
v 0.06985236 -0.35117154 0.34923350
v 0.07316163 -0.36780838 0.33095198
v 0.07628901 -0.38353076 0.31184765
v 0.07922673 -0.39829965 0.29196804
v 0.08196747 -0.41207830 0.27136255
v 0.08450443 -0.42483248 0.25008240
v 0.08683130 -0.43653044 0.22818052
v 0.08894229 -0.44714311 0.20571134
v 0.09083216 -0.45664411 0.18273073
v 0.09249620 -0.46500983 0.15929581
v 0.09393029 -0.47221942 0.13546487
v 0.09513084 -0.47825504 0.11129714
v 0.09609490 -0.48310165 0.08685271
v 0.09682003 -0.48674718 0.06219234
v 0.09730447 -0.48918260 0.03737736
v 0.09754698 -0.49040180 0.01246945
v 0.09754698 -0.49040180 -0.01246945
v 0.09730447 -0.48918260 -0.03737736
v 0.09682003 -0.48674718 -0.06219234
v 0.09609490 -0.48310165 -0.08685271
v 0.09513084 -0.47825504 -0.11129714
v 0.09393029 -0.47221942 -0.13546487
v 0.09249620 -0.46500983 -0.15929581
v 0.09083216 -0.45664411 -0.18273073
v 0.08894229 -0.44714311 -0.20571134
v 0.08683130 -0.43653044 -0.22818052
v 0.08450443 -0.42483248 -0.25008240
v 0.08196747 -0.41207830 -0.27136255
v 0.07922673 -0.39829965 -0.29196804
v 0.07628901 -0.38353076 -0.31184765
v 0.07316163 -0.36780838 -0.33095198
v 0.06985236 -0.35117154 -0.34923350
v 0.06636943 -0.33366165 -0.36664673
v 0.06272149 -0.31532221 -0.38314848
v 0.05891761 -0.29619884 -0.39869762
v 0.05496726 -0.27633907 -0.41325556
v 0.05088025 -0.25579227 -0.42678606
v 0.04666674 -0.23460953 -0.43925553
v 0.04233721 -0.21284353 -0.45063291
v 0.03790242 -0.19054836 -0.46088997
v 0.03337341 -0.16777943 -0.47000117
v 0.02876142 -0.14459341 -0.47794389
v 0.02407792 -0.12104790 -0.48469836
v 0.01933457 -0.09720144 -0.49024779
v 0.01454314 -0.07311332 -0.49457836
v 0.00971556 -0.04884343 -0.49767936
v 0.00486383 -0.02445211 -0.49954307
v 0.00723713 -0.02385763 0.49954307
v 0.01445627 -0.04765595 0.49767936
v 0.02163947 -0.07133578 0.49457836
v 0.02876887 -0.09483826 0.49024779
v 0.03582675 -0.11810497 0.48469836
v 0.04279555 -0.14107805 0.47794389
v 0.04965797 -0.16370037 0.47000117
v 0.05639692 -0.18591571 0.46088997
v 0.06299566 -0.20766885 0.45063291
v 0.06943778 -0.22890569 0.43925553
v 0.07570727 -0.24957343 0.42678606
v 0.08178854 -0.26962068 0.41325556
v 0.08766647 -0.28899762 0.39869762
v 0.09332645 -0.30765608 0.38314848
v 0.09875440 -0.32554962 0.36664673
v 0.10393683 -0.34263384 0.34923350
v 0.10886087 -0.35886619 0.33095198
v 0.11351425 -0.37420632 0.31184765
v 0.11788543 -0.38861617 0.29196804
v 0.12196351 -0.40205982 0.27136255
v 0.12573839 -0.41450391 0.25008240
v 0.12920065 -0.42591747 0.22818052
v 0.13234169 -0.43627210 0.20571134
v 0.13515373 -0.44554212 0.18273073
v 0.13762974 -0.45370445 0.15929581
v 0.13976358 -0.46073878 0.13546487
v 0.14154996 -0.46662768 0.11129714
v 0.14298441 -0.47135645 0.08685271
v 0.14406339 -0.47491333 0.06219234
v 0.14478420 -0.47728953 0.03737736
v 0.14514505 -0.47847912 0.01246945
v 0.14514505 -0.47847912 -0.01246945
v 0.14478420 -0.47728953 -0.03737736
v 0.14406339 -0.47491333 -0.06219234
v 0.14298441 -0.47135645 -0.08685271
v 0.14154996 -0.46662768 -0.11129714
v 0.13976358 -0.46073878 -0.13546487
v 0.13762974 -0.45370445 -0.15929581
v 0.13515373 -0.44554212 -0.18273073
v 0.13234169 -0.43627210 -0.20571134
v 0.12920065 -0.42591747 -0.22818052
v 0.12573839 -0.41450391 -0.25008240
v 0.12196351 -0.40205982 -0.27136255
v 0.11788543 -0.38861617 -0.29196804
v 0.11351425 -0.37420632 -0.31184765
v 0.10886087 -0.35886619 -0.33095198
v 0.10393683 -0.34263384 -0.34923350
v 0.09875440 -0.32554962 -0.36664673
v 0.09332645 -0.30765608 -0.38314848
v 0.08766647 -0.28899762 -0.39869762
v 0.08178854 -0.26962068 -0.41325556
v 0.07570727 -0.24957343 -0.42678606
v 0.06943778 -0.22890569 -0.43925553
v 0.06299566 -0.20766885 -0.45063291
v 0.05639692 -0.18591571 -0.46088997
v 0.04965797 -0.16370037 -0.47000117
v 0.04279555 -0.14107805 -0.47794389
v 0.03582675 -0.11810497 -0.48469836
v 0.02876887 -0.09483826 -0.49024779
v 0.02163947 -0.07133578 -0.49457836
v 0.01445627 -0.04765595 -0.49767936
v 0.00723713 -0.02385763 -0.49954307
v 0.00954074 -0.02303339 0.49954307
v 0.01905776 -0.04600951 0.49767936
v 0.02852740 -0.06887124 0.49457836
v 0.03792612 -0.09156175 0.49024779
v 0.04723055 -0.11402463 0.48469836
v 0.05641755 -0.13620401 0.47794389
v 0.06546429 -0.15804478 0.47000117
v 0.07434828 -0.17949262 0.46088997
v 0.08304742 -0.20049422 0.45063291
v 0.09154010 -0.22099735 0.43925553
v 0.09980520 -0.24095105 0.42678606
v 0.10782215 -0.26030571 0.41325556
v 0.11557105 -0.27901320 0.39869762
v 0.12303263 -0.29702702 0.38314848
v 0.13018831 -0.31430240 0.36664673
v 0.13702034 -0.33079637 0.34923350
v 0.14351171 -0.34646792 0.33095198
v 0.14964629 -0.36127810 0.31184765
v 0.15540882 -0.37519008 0.29196804
v 0.16078498 -0.38816928 0.27136255
v 0.16576141 -0.40018343 0.25008240
v 0.17032573 -0.41120265 0.22818052
v 0.17446659 -0.42119958 0.20571134
v 0.17817369 -0.43014932 0.18273073
v 0.18143782 -0.43802965 0.15929581
v 0.18425089 -0.44482098 0.13546487
v 0.18660587 -0.45050641 0.11129714
v 0.18849692 -0.45507182 0.08685271
v 0.18991934 -0.45850584 0.06219234
v 0.19086959 -0.46079991 0.03737736
v 0.19134530 -0.46194840 0.01246945
v 0.19134530 -0.46194840 -0.01246945
v 0.19086959 -0.46079991 -0.03737736
v 0.18991934 -0.45850584 -0.06219234
v 0.18849692 -0.45507182 -0.08685271
v 0.18660587 -0.45050641 -0.11129714
v 0.18425089 -0.44482098 -0.13546487
v 0.18143782 -0.43802965 -0.15929581
v 0.17817369 -0.43014932 -0.18273073
v 0.17446659 -0.42119958 -0.20571134
v 0.17032573 -0.41120265 -0.22818052
v 0.16576141 -0.40018343 -0.25008240
v 0.16078498 -0.38816928 -0.27136255
v 0.15540882 -0.37519008 -0.29196804
v 0.14964629 -0.36127810 -0.31184765
v 0.14351171 -0.34646792 -0.33095198
v 0.13702034 -0.33079637 -0.34923350
v 0.13018831 -0.31430240 -0.36664673
v 0.12303263 -0.29702702 -0.38314848
v 0.11557105 -0.27901320 -0.39869762
v 0.10782215 -0.26030571 -0.41325556
v 0.09980520 -0.24095105 -0.42678606
v 0.09154010 -0.22099735 -0.43925553
v 0.08304742 -0.20049422 -0.45063291
v 0.07434828 -0.17949262 -0.46088997
v 0.06546429 -0.15804478 -0.47000117
v 0.05641755 -0.13620401 -0.47794389
v 0.04723055 -0.11402463 -0.48469836
v 0.03792612 -0.09156175 -0.49024779
v 0.02852740 -0.06887124 -0.49457836
v 0.01905776 -0.04600951 -0.49767936
v 0.00954074 -0.02303339 -0.49954307
v 0.01175247 -0.02198732 0.49954307
v 0.02347571 -0.04391997 0.49767936
v 0.03514060 -0.06574344 0.49457836
v 0.04671812 -0.08740345 0.49024779
v 0.05817948 -0.10884617 0.48469836
v 0.06949621 -0.13001826 0.47794389
v 0.08064016 -0.15086713 0.47000117
v 0.09158363 -0.17134090 0.46088997
v 0.10229940 -0.19138871 0.45063291
v 0.11276084 -0.21096068 0.43925553
v 0.12294194 -0.23000819 0.42678606
v 0.13281738 -0.24848384 0.41325556
v 0.14236262 -0.26634173 0.39869762
v 0.15155393 -0.28353745 0.38314848
v 0.16036845 -0.30002827 0.36664673
v 0.16878427 -0.31577314 0.34923350
v 0.17678045 -0.33073298 0.33095198
v 0.18433715 -0.34487052 0.31184765
v 0.19143555 -0.35815069 0.29196804
v 0.19805800 -0.37054045 0.27136255
v 0.20418805 -0.38200900 0.25008240
v 0.20981046 -0.39252779 0.22818052
v 0.21491126 -0.40207069 0.20571134
v 0.21947774 -0.41061397 0.18273073
v 0.22349857 -0.41813643 0.15929581
v 0.22696375 -0.42461932 0.13546487
v 0.22986465 -0.43004652 0.11129714
v 0.23219408 -0.43440457 0.08685271
v 0.23394626 -0.43768263 0.06219234
v 0.23511678 -0.43987257 0.03737736
v 0.23570278 -0.44096885 0.01246945
v 0.23570278 -0.44096885 -0.01246945
v 0.23511678 -0.43987257 -0.03737736
v 0.23394626 -0.43768263 -0.06219234
v 0.23219408 -0.43440457 -0.08685271
v 0.22986465 -0.43004652 -0.11129714
v 0.22696375 -0.42461932 -0.13546487
v 0.22349857 -0.41813643 -0.15929581
v 0.21947774 -0.41061397 -0.18273073
v 0.21491126 -0.40207069 -0.20571134
v 0.20981046 -0.39252779 -0.22818052
v 0.20418805 -0.38200900 -0.25008240
v 0.19805800 -0.37054045 -0.27136255
v 0.19143555 -0.35815069 -0.29196804
v 0.18433715 -0.34487052 -0.31184765
v 0.17678045 -0.33073298 -0.33095198
v 0.16878427 -0.31577314 -0.34923350
v 0.16036845 -0.30002827 -0.36664673
v 0.15155393 -0.28353745 -0.38314848
v 0.14236262 -0.26634173 -0.39869762
v 0.13281738 -0.24848384 -0.41325556
v 0.12294194 -0.23000819 -0.42678606
v 0.11276084 -0.21096068 -0.43925553
v 0.10229940 -0.19138871 -0.45063291
v 0.09158363 -0.17134090 -0.46088997
v 0.08064016 -0.15086713 -0.47000117
v 0.06949621 -0.13001826 -0.47794389
v 0.05817948 -0.10884617 -0.48469836
v 0.04671812 -0.08740345 -0.49024779
v 0.03514060 -0.06574344 -0.49457836
v 0.02347571 -0.04391997 -0.49767936
v 0.01175247 -0.02198732 -0.49954307
v 0.01385101 -0.02072950 0.49954307
v 0.02766758 -0.04140746 0.49767936
v 0.04141537 -0.06198248 0.49457836
v 0.05506019 -0.08240340 0.49024779
v 0.06856813 -0.10261945 0.48469836
v 0.08190559 -0.12258038 0.47794389
v 0.09503942 -0.14223654 0.47000117
v 0.10793697 -0.16153909 0.46088997
v 0.12056617 -0.18044003 0.45063291
v 0.13289563 -0.19889236 0.43925553
v 0.14489468 -0.21685021 0.42678606
v 0.15653350 -0.23426895 0.41325556
v 0.16778316 -0.25110525 0.39869762
v 0.17861568 -0.26731726 0.38314848
v 0.18900414 -0.28286468 0.36664673
v 0.19892270 -0.29770885 0.34923350
v 0.20834671 -0.31181289 0.33095198
v 0.21725273 -0.32514169 0.31184765
v 0.22561864 -0.33766215 0.29196804
v 0.23342360 -0.34934313 0.27136255
v 0.24064826 -0.36015556 0.25008240
v 0.24727462 -0.37007261 0.22818052
v 0.25328622 -0.37906961 0.20571134
v 0.25866811 -0.38712417 0.18273073
v 0.26340689 -0.39421627 0.15929581
v 0.26749082 -0.40032833 0.13546487
v 0.27090973 -0.40544506 0.11129714
v 0.27365510 -0.40955382 0.08685271
v 0.27572014 -0.41264436 0.06219234
v 0.27709968 -0.41470898 0.03737736
v 0.27779032 -0.41574257 0.01246945
v 0.27779032 -0.41574257 -0.01246945
v 0.27709968 -0.41470898 -0.03737736
v 0.27572014 -0.41264436 -0.06219234
v 0.27365510 -0.40955382 -0.08685271
v 0.27090973 -0.40544506 -0.11129714
v 0.26749082 -0.40032833 -0.13546487
v 0.26340689 -0.39421627 -0.15929581
v 0.25866811 -0.38712417 -0.18273073
v 0.25328622 -0.37906961 -0.20571134
v 0.24727462 -0.37007261 -0.22818052
v 0.24064826 -0.36015556 -0.25008240
v 0.23342360 -0.34934313 -0.27136255
v 0.22561864 -0.33766215 -0.29196804
v 0.21725273 -0.32514169 -0.31184765
v 0.20834671 -0.31181289 -0.33095198
v 0.19892270 -0.29770885 -0.34923350
v 0.18900414 -0.28286468 -0.36664673
v 0.17861568 -0.26731726 -0.38314848
v 0.16778316 -0.25110525 -0.39869762
v 0.15653350 -0.23426895 -0.41325556
v 0.14489468 -0.21685021 -0.42678606
v 0.13289563 -0.19889236 -0.43925553
v 0.12056617 -0.18044003 -0.45063291
v 0.10793697 -0.16153909 -0.46088997
v 0.09503942 -0.14223654 -0.47000117
v 0.08190559 -0.12258038 -0.47794389
v 0.06856813 -0.10261945 -0.48469836
v 0.05506019 -0.08240340 -0.49024779
v 0.04141537 -0.06198248 -0.49457836
v 0.02766758 -0.04140746 -0.49767936
v 0.01385101 -0.02072950 -0.49954307
v 0.01581616 -0.01927205 0.49954307
v 0.03159300 -0.03849618 0.49767936
v 0.04729129 -0.05762460 0.49457836
v 0.06287201 -0.07660976 0.49024779
v 0.07829642 -0.09540446 0.48469836
v 0.09352617 -0.11396197 0.47794389
v 0.10852340 -0.13223615 0.47000117
v 0.12325082 -0.15018156 0.46088997
v 0.13767183 -0.16775360 0.45063291
v 0.15175056 -0.18490859 0.43925553
v 0.16545201 -0.20160387 0.42678606
v 0.17874212 -0.21779792 0.41325556
v 0.19158786 -0.23345049 0.39869762
v 0.20395728 -0.24852265 0.38314848
v 0.21581961 -0.26297697 0.36664673
v 0.22714540 -0.27677748 0.34923350
v 0.23790647 -0.28988987 0.33095198
v 0.24807607 -0.30228155 0.31184765
v 0.25762889 -0.31392172 0.29196804
v 0.26654122 -0.32478143 0.27136255
v 0.27479090 -0.33483369 0.25008240
v 0.28235738 -0.34405345 0.22818052
v 0.28922189 -0.35241791 0.20571134
v 0.29536735 -0.35990615 0.18273073
v 0.30077848 -0.36649962 0.15929581
v 0.30544183 -0.37218192 0.13546487
v 0.30934578 -0.37693893 0.11129714
v 0.31248068 -0.38075881 0.08685271
v 0.31483867 -0.38363204 0.06219234
v 0.31641396 -0.38555150 0.03737736
v 0.31720256 -0.38651243 0.01246945
v 0.31720256 -0.38651243 -0.01246945
v 0.31641396 -0.38555150 -0.03737736
v 0.31483867 -0.38363204 -0.06219234
v 0.31248068 -0.38075881 -0.08685271
v 0.30934578 -0.37693893 -0.11129714
v 0.30544183 -0.37218192 -0.13546487
v 0.30077848 -0.36649962 -0.15929581
v 0.29536735 -0.35990615 -0.18273073
v 0.28922189 -0.35241791 -0.20571134
v 0.28235738 -0.34405345 -0.22818052
v 0.27479090 -0.33483369 -0.25008240
v 0.26654122 -0.32478143 -0.27136255
v 0.25762889 -0.31392172 -0.29196804
v 0.24807607 -0.30228155 -0.31184765
v 0.23790647 -0.28988987 -0.33095198
v 0.22714540 -0.27677748 -0.34923350
v 0.21581961 -0.26297697 -0.36664673
v 0.20395728 -0.24852265 -0.38314848
v 0.19158786 -0.23345049 -0.39869762
v 0.17874212 -0.21779792 -0.41325556
v 0.16545201 -0.20160387 -0.42678606
v 0.15175056 -0.18490859 -0.43925553
v 0.13767183 -0.16775360 -0.45063291
v 0.12325082 -0.15018156 -0.46088997
v 0.10852340 -0.13223615 -0.47000117
v 0.09352617 -0.11396197 -0.47794389
v 0.07829642 -0.09540446 -0.48469836
v 0.06287201 -0.07660976 -0.49024779
v 0.04729129 -0.05762460 -0.49457836
v 0.03159300 -0.03849618 -0.49767936
v 0.01581616 -0.01927205 -0.49954307
v 0.01762899 -0.01762899 0.49954307
v 0.03521415 -0.03521415 0.49767936
v 0.05271177 -0.05271177 0.49457836
v 0.07007833 -0.07007833 0.49024779
v 0.08727067 -0.08727067 0.48469836
v 0.10424604 -0.10424604 0.47794389
v 0.12096224 -0.12096224 0.47000117
v 0.13737771 -0.13737771 0.46088997
v 0.15345163 -0.15345163 0.45063291
v 0.16914404 -0.16914404 0.43925553
v 0.18441595 -0.18441595 0.42678606
v 0.19922937 -0.19922937 0.41325556
v 0.21354746 -0.21354746 0.39869762
v 0.22733464 -0.22733464 0.38314848
v 0.24055663 -0.24055663 0.36664673
v 0.25318058 -0.25318058 0.34923350
v 0.26517506 -0.26517506 0.33095198
v 0.27651027 -0.27651027 0.31184765
v 0.28715805 -0.28715805 0.29196804
v 0.29709191 -0.29709191 0.27136255
v 0.30628714 -0.30628714 0.25008240
v 0.31472090 -0.31472090 0.22818052
v 0.32237219 -0.32237219 0.20571134
v 0.32922206 -0.32922206 0.18273073
v 0.33525340 -0.33525340 0.15929581
v 0.34045123 -0.34045123 0.13546487
v 0.34480268 -0.34480268 0.11129714
v 0.34829687 -0.34829687 0.08685271
v 0.35092515 -0.35092515 0.06219234
v 0.35268098 -0.35268098 0.03737736
v 0.35355999 -0.35355999 0.01246945
v 0.35355999 -0.35355999 -0.01246945
v 0.35268098 -0.35268098 -0.03737736
v 0.35092515 -0.35092515 -0.06219234
v 0.34829687 -0.34829687 -0.08685271
v 0.34480268 -0.34480268 -0.11129714
v 0.34045123 -0.34045123 -0.13546487
v 0.33525340 -0.33525340 -0.15929581
v 0.32922206 -0.32922206 -0.18273073
v 0.32237219 -0.32237219 -0.20571134
v 0.31472090 -0.31472090 -0.22818052
v 0.30628714 -0.30628714 -0.25008240
v 0.29709191 -0.29709191 -0.27136255
v 0.28715805 -0.28715805 -0.29196804
v 0.27651027 -0.27651027 -0.31184765
v 0.26517506 -0.26517506 -0.33095198
v 0.25318058 -0.25318058 -0.34923350
v 0.24055663 -0.24055663 -0.36664673
v 0.22733464 -0.22733464 -0.38314848
v 0.21354746 -0.21354746 -0.39869762
v 0.19922937 -0.19922937 -0.41325556
v 0.18441595 -0.18441595 -0.42678606
v 0.16914404 -0.16914404 -0.43925553
v 0.15345163 -0.15345163 -0.45063291
v 0.13737771 -0.13737771 -0.46088997
v 0.12096224 -0.12096224 -0.47000117
v 0.10424604 -0.10424604 -0.47794389
v 0.08727067 -0.08727067 -0.48469836
v 0.07007833 -0.07007833 -0.49024779
v 0.05271177 -0.05271177 -0.49457836
v 0.03521415 -0.03521415 -0.49767936
v 0.01762899 -0.01762899 -0.49954307
v 0.01927205 -0.01581616 0.49954307
v 0.03849618 -0.03159300 0.49767936
v 0.05762460 -0.04729129 0.49457836
v 0.07660976 -0.06287201 0.49024779
v 0.09540446 -0.07829642 0.48469836
v 0.11396197 -0.09352617 0.47794389
v 0.13223615 -0.10852340 0.47000117
v 0.15018156 -0.12325082 0.46088997
v 0.16775360 -0.13767183 0.45063291
v 0.18490859 -0.15175056 0.43925553
v 0.20160387 -0.16545201 0.42678606
v 0.21779792 -0.17874212 0.41325556
v 0.23345049 -0.19158786 0.39869762
v 0.24852265 -0.20395728 0.38314848
v 0.26297697 -0.21581961 0.36664673
v 0.27677748 -0.22714540 0.34923350
v 0.28988987 -0.23790647 0.33095198
v 0.30228155 -0.24807607 0.31184765
v 0.31392172 -0.25762889 0.29196804
v 0.32478143 -0.26654122 0.27136255
v 0.33483369 -0.27479090 0.25008240
v 0.34405345 -0.28235738 0.22818052
v 0.35241791 -0.28922189 0.20571134
v 0.35990615 -0.29536735 0.18273073
v 0.36649962 -0.30077848 0.15929581
v 0.37218192 -0.30544183 0.13546487
v 0.37693893 -0.30934578 0.11129714
v 0.38075881 -0.31248068 0.08685271
v 0.38363204 -0.31483867 0.06219234
v 0.38555150 -0.31641396 0.03737736
v 0.38651243 -0.31720256 0.01246945
v 0.38651243 -0.31720256 -0.01246945
v 0.38555150 -0.31641396 -0.03737736
v 0.38363204 -0.31483867 -0.06219234
v 0.38075881 -0.31248068 -0.08685271
v 0.37693893 -0.30934578 -0.11129714
v 0.37218192 -0.30544183 -0.13546487
v 0.36649962 -0.30077848 -0.15929581
v 0.35990615 -0.29536735 -0.18273073
v 0.35241791 -0.28922189 -0.20571134
v 0.34405345 -0.28235738 -0.22818052
v 0.33483369 -0.27479090 -0.25008240
v 0.32478143 -0.26654122 -0.27136255
v 0.31392172 -0.25762889 -0.29196804
v 0.30228155 -0.24807607 -0.31184765
v 0.28988987 -0.23790647 -0.33095198
v 0.27677748 -0.22714540 -0.34923350
v 0.26297697 -0.21581961 -0.36664673
v 0.24852265 -0.20395728 -0.38314848
v 0.23345049 -0.19158786 -0.39869762
v 0.21779792 -0.17874212 -0.41325556
v 0.20160387 -0.16545201 -0.42678606
v 0.18490859 -0.15175056 -0.43925553
v 0.16775360 -0.13767183 -0.45063291
v 0.15018156 -0.12325082 -0.46088997
v 0.13223615 -0.10852340 -0.47000117
v 0.11396197 -0.09352617 -0.47794389
v 0.09540446 -0.07829642 -0.48469836
v 0.07660976 -0.06287201 -0.49024779
v 0.05762460 -0.04729129 -0.49457836
v 0.03849618 -0.03159300 -0.49767936
v 0.01927205 -0.01581616 -0.49954307
v 0.02072950 -0.01385101 0.49954307
v 0.04140746 -0.02766758 0.49767936
v 0.06198248 -0.04141537 0.49457836
v 0.08240340 -0.05506019 0.49024779
v 0.10261945 -0.06856813 0.48469836
v 0.12258038 -0.08190559 0.47794389
v 0.14223654 -0.09503942 0.47000117
v 0.16153909 -0.10793697 0.46088997
v 0.18044003 -0.12056617 0.45063291
v 0.19889236 -0.13289563 0.43925553
v 0.21685021 -0.14489468 0.42678606
v 0.23426895 -0.15653350 0.41325556
v 0.25110525 -0.16778316 0.39869762
v 0.26731726 -0.17861568 0.38314848
v 0.28286468 -0.18900414 0.36664673
v 0.29770885 -0.19892270 0.34923350
v 0.31181289 -0.20834671 0.33095198
v 0.32514169 -0.21725273 0.31184765
v 0.33766215 -0.22561864 0.29196804
v 0.34934313 -0.23342360 0.27136255
v 0.36015556 -0.24064826 0.25008240
v 0.37007261 -0.24727462 0.22818052
v 0.37906961 -0.25328622 0.20571134
v 0.38712417 -0.25866811 0.18273073
v 0.39421627 -0.26340689 0.15929581
v 0.40032833 -0.26749082 0.13546487
v 0.40544506 -0.27090973 0.11129714
v 0.40955382 -0.27365510 0.08685271
v 0.41264436 -0.27572014 0.06219234
v 0.41470898 -0.27709968 0.03737736
v 0.41574257 -0.27779032 0.01246945
v 0.41574257 -0.27779032 -0.01246945
v 0.41470898 -0.27709968 -0.03737736
v 0.41264436 -0.27572014 -0.06219234
v 0.40955382 -0.27365510 -0.08685271
v 0.40544506 -0.27090973 -0.11129714
v 0.40032833 -0.26749082 -0.13546487
v 0.39421627 -0.26340689 -0.15929581
v 0.38712417 -0.25866811 -0.18273073
v 0.37906961 -0.25328622 -0.20571134
v 0.37007261 -0.24727462 -0.22818052
v 0.36015556 -0.24064826 -0.25008240
v 0.34934313 -0.23342360 -0.27136255
v 0.33766215 -0.22561864 -0.29196804
v 0.32514169 -0.21725273 -0.31184765
v 0.31181289 -0.20834671 -0.33095198
v 0.29770885 -0.19892270 -0.34923350
v 0.28286468 -0.18900414 -0.36664673
v 0.26731726 -0.17861568 -0.38314848
v 0.25110525 -0.16778316 -0.39869762
v 0.23426895 -0.15653350 -0.41325556
v 0.21685021 -0.14489468 -0.42678606
v 0.19889236 -0.13289563 -0.43925553
v 0.18044003 -0.12056617 -0.45063291
v 0.16153909 -0.10793697 -0.46088997
v 0.14223654 -0.09503942 -0.47000117
v 0.12258038 -0.08190559 -0.47794389
v 0.10261945 -0.06856813 -0.48469836
v 0.08240340 -0.05506019 -0.49024779
v 0.06198248 -0.04141537 -0.49457836
v 0.04140746 -0.02766758 -0.49767936
v 0.02072950 -0.01385101 -0.49954307
v 0.02198732 -0.01175247 0.49954307
v 0.04391997 -0.02347571 0.49767936
v 0.06574344 -0.03514060 0.49457836
v 0.08740345 -0.04671812 0.49024779
v 0.10884617 -0.05817948 0.48469836
v 0.13001826 -0.06949621 0.47794389
v 0.15086713 -0.08064016 0.47000117
v 0.17134090 -0.09158363 0.46088997
v 0.19138871 -0.10229940 0.45063291
v 0.21096068 -0.11276084 0.43925553
v 0.23000819 -0.12294194 0.42678606
v 0.24848384 -0.13281738 0.41325556
v 0.26634173 -0.14236262 0.39869762
v 0.28353745 -0.15155393 0.38314848
v 0.30002827 -0.16036845 0.36664673
v 0.31577314 -0.16878427 0.34923350
v 0.33073298 -0.17678045 0.33095198
v 0.34487052 -0.18433715 0.31184765
v 0.35815069 -0.19143555 0.29196804
v 0.37054045 -0.19805800 0.27136255
v 0.38200900 -0.20418805 0.25008240
v 0.39252779 -0.20981046 0.22818052
v 0.40207069 -0.21491126 0.20571134
v 0.41061397 -0.21947774 0.18273073
v 0.41813643 -0.22349857 0.15929581
v 0.42461932 -0.22696375 0.13546487
v 0.43004652 -0.22986465 0.11129714
v 0.43440457 -0.23219408 0.08685271
v 0.43768263 -0.23394626 0.06219234
v 0.43987257 -0.23511678 0.03737736
v 0.44096885 -0.23570278 0.01246945
v 0.44096885 -0.23570278 -0.01246945
v 0.43987257 -0.23511678 -0.03737736
v 0.43768263 -0.23394626 -0.06219234
v 0.43440457 -0.23219408 -0.08685271
v 0.43004652 -0.22986465 -0.11129714
v 0.42461932 -0.22696375 -0.13546487
v 0.41813643 -0.22349857 -0.15929581
v 0.41061397 -0.21947774 -0.18273073
v 0.40207069 -0.21491126 -0.20571134
v 0.39252779 -0.20981046 -0.22818052
v 0.38200900 -0.20418805 -0.25008240
v 0.37054045 -0.19805800 -0.27136255
v 0.35815069 -0.19143555 -0.29196804
v 0.34487052 -0.18433715 -0.31184765
v 0.33073298 -0.17678045 -0.33095198
v 0.31577314 -0.16878427 -0.34923350
v 0.30002827 -0.16036845 -0.36664673
v 0.28353745 -0.15155393 -0.38314848
v 0.26634173 -0.14236262 -0.39869762
v 0.24848384 -0.13281738 -0.41325556
v 0.23000819 -0.12294194 -0.42678606
v 0.21096068 -0.11276084 -0.43925553
v 0.19138871 -0.10229940 -0.45063291
v 0.17134090 -0.09158363 -0.46088997
v 0.15086713 -0.08064016 -0.47000117
v 0.13001826 -0.06949621 -0.47794389
v 0.10884617 -0.05817948 -0.48469836
v 0.08740345 -0.04671812 -0.49024779
v 0.06574344 -0.03514060 -0.49457836
v 0.04391997 -0.02347571 -0.49767936
v 0.02198732 -0.01175247 -0.49954307
v 0.02303339 -0.00954074 0.49954307
v 0.04600951 -0.01905776 0.49767936
v 0.06887124 -0.02852740 0.49457836
v 0.09156175 -0.03792612 0.49024779
v 0.11402463 -0.04723055 0.48469836
v 0.13620401 -0.05641755 0.47794389
v 0.15804478 -0.06546429 0.47000117
v 0.17949262 -0.07434828 0.46088997
v 0.20049422 -0.08304742 0.45063291
v 0.22099735 -0.09154010 0.43925553
v 0.24095105 -0.09980520 0.42678606
v 0.26030571 -0.10782215 0.41325556
v 0.27901320 -0.11557105 0.39869762
v 0.29702702 -0.12303263 0.38314848
v 0.31430240 -0.13018831 0.36664673
v 0.33079637 -0.13702034 0.34923350
v 0.34646792 -0.14351171 0.33095198
v 0.36127810 -0.14964629 0.31184765
v 0.37519008 -0.15540882 0.29196804
v 0.38816928 -0.16078498 0.27136255
v 0.40018343 -0.16576141 0.25008240
v 0.41120265 -0.17032573 0.22818052
v 0.42119958 -0.17446659 0.20571134
v 0.43014932 -0.17817369 0.18273073
v 0.43802965 -0.18143782 0.15929581
v 0.44482098 -0.18425089 0.13546487
v 0.45050641 -0.18660587 0.11129714
v 0.45507182 -0.18849692 0.08685271
v 0.45850584 -0.18991934 0.06219234
v 0.46079991 -0.19086959 0.03737736
v 0.46194840 -0.19134530 0.01246945
v 0.46194840 -0.19134530 -0.01246945
v 0.46079991 -0.19086959 -0.03737736
v 0.45850584 -0.18991934 -0.06219234
v 0.45507182 -0.18849692 -0.08685271
v 0.45050641 -0.18660587 -0.11129714
v 0.44482098 -0.18425089 -0.13546487
v 0.43802965 -0.18143782 -0.15929581
v 0.43014932 -0.17817369 -0.18273073
v 0.42119958 -0.17446659 -0.20571134
v 0.41120265 -0.17032573 -0.22818052
v 0.40018343 -0.16576141 -0.25008240
v 0.38816928 -0.16078498 -0.27136255
v 0.37519008 -0.15540882 -0.29196804
v 0.36127810 -0.14964629 -0.31184765
v 0.34646792 -0.14351171 -0.33095198
v 0.33079637 -0.13702034 -0.34923350
v 0.31430240 -0.13018831 -0.36664673
v 0.29702702 -0.12303263 -0.38314848
v 0.27901320 -0.11557105 -0.39869762
v 0.26030571 -0.10782215 -0.41325556
v 0.24095105 -0.09980520 -0.42678606
v 0.22099735 -0.09154010 -0.43925553
v 0.20049422 -0.08304742 -0.45063291
v 0.17949262 -0.07434828 -0.46088997
v 0.15804478 -0.06546429 -0.47000117
v 0.13620401 -0.05641755 -0.47794389
v 0.11402463 -0.04723055 -0.48469836
v 0.09156175 -0.03792612 -0.49024779
v 0.06887124 -0.02852740 -0.49457836
v 0.04600951 -0.01905776 -0.49767936
v 0.02303339 -0.00954074 -0.49954307
v 0.02385763 -0.00723713 0.49954307
v 0.04765595 -0.01445627 0.49767936
v 0.07133578 -0.02163947 0.49457836
v 0.09483826 -0.02876887 0.49024779
v 0.11810497 -0.03582675 0.48469836
v 0.14107805 -0.04279555 0.47794389
v 0.16370037 -0.04965797 0.47000117
v 0.18591571 -0.05639692 0.46088997
v 0.20766885 -0.06299566 0.45063291
v 0.22890569 -0.06943778 0.43925553
v 0.24957343 -0.07570727 0.42678606
v 0.26962068 -0.08178854 0.41325556
v 0.28899762 -0.08766647 0.39869762
v 0.30765608 -0.09332645 0.38314848
v 0.32554962 -0.09875440 0.36664673
v 0.34263384 -0.10393683 0.34923350
v 0.35886619 -0.10886087 0.33095198
v 0.37420632 -0.11351425 0.31184765
v 0.38861617 -0.11788543 0.29196804
v 0.40205982 -0.12196351 0.27136255
v 0.41450391 -0.12573839 0.25008240
v 0.42591747 -0.12920065 0.22818052
v 0.43627210 -0.13234169 0.20571134
v 0.44554212 -0.13515373 0.18273073
v 0.45370445 -0.13762974 0.15929581
v 0.46073878 -0.13976358 0.13546487
v 0.46662768 -0.14154996 0.11129714
v 0.47135645 -0.14298441 0.08685271
v 0.47491333 -0.14406339 0.06219234
v 0.47728953 -0.14478420 0.03737736
v 0.47847912 -0.14514505 0.01246945
v 0.47847912 -0.14514505 -0.01246945
v 0.47728953 -0.14478420 -0.03737736
v 0.47491333 -0.14406339 -0.06219234
v 0.47135645 -0.14298441 -0.08685271
v 0.46662768 -0.14154996 -0.11129714
v 0.46073878 -0.13976358 -0.13546487
v 0.45370445 -0.13762974 -0.15929581
v 0.44554212 -0.13515373 -0.18273073
v 0.43627210 -0.13234169 -0.20571134
v 0.42591747 -0.12920065 -0.22818052
v 0.41450391 -0.12573839 -0.25008240
v 0.40205982 -0.12196351 -0.27136255
v 0.38861617 -0.11788543 -0.29196804
v 0.37420632 -0.11351425 -0.31184765
v 0.35886619 -0.10886087 -0.33095198
v 0.34263384 -0.10393683 -0.34923350
v 0.32554962 -0.09875440 -0.36664673
v 0.30765608 -0.09332645 -0.38314848
v 0.28899762 -0.08766647 -0.39869762
v 0.26962068 -0.08178854 -0.41325556
v 0.24957343 -0.07570727 -0.42678606
v 0.22890569 -0.06943778 -0.43925553
v 0.20766885 -0.06299566 -0.45063291
v 0.18591571 -0.05639692 -0.46088997
v 0.16370037 -0.04965797 -0.47000117
v 0.14107805 -0.04279555 -0.47794389
v 0.11810497 -0.03582675 -0.48469836
v 0.09483826 -0.02876887 -0.49024779
v 0.07133578 -0.02163947 -0.49457836
v 0.04765595 -0.01445627 -0.49767936
v 0.02385763 -0.00723713 -0.49954307
v 0.02445211 -0.00486383 0.49954307
v 0.04884343 -0.00971556 0.49767936
v 0.07311332 -0.01454314 0.49457836
v 0.09720144 -0.01933457 0.49024779
v 0.12104790 -0.02407792 0.48469836
v 0.14459341 -0.02876142 0.47794389
v 0.16777943 -0.03337341 0.47000117
v 0.19054836 -0.03790242 0.46088997
v 0.21284353 -0.04233721 0.45063291
v 0.23460953 -0.04666674 0.43925553
v 0.25579227 -0.05088025 0.42678606
v 0.27633907 -0.05496726 0.41325556
v 0.29619884 -0.05891761 0.39869762
v 0.31532221 -0.06272149 0.38314848
v 0.33366165 -0.06636943 0.36664673
v 0.35117154 -0.06985236 0.34923350
v 0.36780838 -0.07316163 0.33095198
v 0.38353076 -0.07628901 0.31184765
v 0.39829965 -0.07922673 0.29196804
v 0.41207830 -0.08196747 0.27136255
v 0.42483248 -0.08450443 0.25008240
v 0.43653044 -0.08683130 0.22818052
v 0.44714311 -0.08894229 0.20571134
v 0.45664411 -0.09083216 0.18273073
v 0.46500983 -0.09249620 0.15929581
v 0.47221942 -0.09393029 0.13546487
v 0.47825504 -0.09513084 0.11129714
v 0.48310165 -0.09609490 0.08685271
v 0.48674718 -0.09682003 0.06219234
v 0.48918260 -0.09730447 0.03737736
v 0.49040180 -0.09754698 0.01246945
v 0.49040180 -0.09754698 -0.01246945
v 0.48918260 -0.09730447 -0.03737736
v 0.48674718 -0.09682003 -0.06219234
v 0.48310165 -0.09609490 -0.08685271
v 0.47825504 -0.09513084 -0.11129714
v 0.47221942 -0.09393029 -0.13546487
v 0.46500983 -0.09249620 -0.15929581
v 0.45664411 -0.09083216 -0.18273073
v 0.44714311 -0.08894229 -0.20571134
v 0.43653044 -0.08683130 -0.22818052
v 0.42483248 -0.08450443 -0.25008240
v 0.41207830 -0.08196747 -0.27136255
v 0.39829965 -0.07922673 -0.29196804
v 0.38353076 -0.07628901 -0.31184765
v 0.36780838 -0.07316163 -0.33095198
v 0.35117154 -0.06985236 -0.34923350
v 0.33366165 -0.06636943 -0.36664673
v 0.31532221 -0.06272149 -0.38314848
v 0.29619884 -0.05891761 -0.39869762
v 0.27633907 -0.05496726 -0.41325556
v 0.25579227 -0.05088025 -0.42678606
v 0.23460953 -0.04666674 -0.43925553
v 0.21284353 -0.04233721 -0.45063291
v 0.19054836 -0.03790242 -0.46088997
v 0.16777943 -0.03337341 -0.47000117
v 0.14459341 -0.02876142 -0.47794389
v 0.12104790 -0.02407792 -0.48469836
v 0.09720144 -0.01933457 -0.49024779
v 0.07311332 -0.01454314 -0.49457836
v 0.04884343 -0.00971556 -0.49767936
v 0.02445211 -0.00486383 -0.49954307
v 0.02481111 -0.00244368 0.49954307
v 0.04956053 -0.00488129 0.49767936
v 0.07418674 -0.00730676 0.49457836
v 0.09862851 -0.00971406 0.49024779
v 0.12282507 -0.01209721 0.48469836
v 0.14671626 -0.01445029 0.47794389
v 0.17024271 -0.01676744 0.47000117
v 0.19334589 -0.01904291 0.46088997
v 0.21596840 -0.02127103 0.45063291
v 0.23805396 -0.02344627 0.43925553
v 0.25954769 -0.02556322 0.42678606
v 0.28039615 -0.02761661 0.41325556
v 0.30054749 -0.02960134 0.39869762
v 0.31995163 -0.03151248 0.38314848
v 0.33856031 -0.03334528 0.36664673
v 0.35632728 -0.03509517 0.34923350
v 0.37320838 -0.03675782 0.33095198
v 0.38916162 -0.03832907 0.31184765
v 0.40414733 -0.03980504 0.29196804
v 0.41812827 -0.04118204 0.27136255
v 0.43106966 -0.04245665 0.25008240
v 0.44293937 -0.04362572 0.22818052
v 0.45370785 -0.04468632 0.20571134
v 0.46334836 -0.04563583 0.18273073
v 0.47183687 -0.04647188 0.15929581
v 0.47915236 -0.04719239 0.13546487
v 0.48527659 -0.04779557 0.11129714
v 0.49019432 -0.04827993 0.08685271
v 0.49389340 -0.04864425 0.06219234
v 0.49636453 -0.04888764 0.03737736
v 0.49760167 -0.04900949 0.01246945
v 0.49760167 -0.04900949 -0.01246945
v 0.49636453 -0.04888764 -0.03737736
v 0.49389340 -0.04864425 -0.06219234
v 0.49019432 -0.04827993 -0.08685271
v 0.48527659 -0.04779557 -0.11129714
v 0.47915236 -0.04719239 -0.13546487
v 0.47183687 -0.04647188 -0.15929581
v 0.46334836 -0.04563583 -0.18273073
v 0.45370785 -0.04468632 -0.20571134
v 0.44293937 -0.04362572 -0.22818052
v 0.43106966 -0.04245665 -0.25008240
v 0.41812827 -0.04118204 -0.27136255
v 0.40414733 -0.03980504 -0.29196804
v 0.38916162 -0.03832907 -0.31184765
v 0.37320838 -0.03675782 -0.33095198
v 0.35632728 -0.03509517 -0.34923350
v 0.33856031 -0.03334528 -0.36664673
v 0.31995163 -0.03151248 -0.38314848
v 0.30054749 -0.02960134 -0.39869762
v 0.28039615 -0.02761661 -0.41325556
v 0.25954769 -0.02556322 -0.42678606
v 0.23805396 -0.02344627 -0.43925553
v 0.21596840 -0.02127103 -0.45063291
v 0.19334589 -0.01904291 -0.46088997
v 0.17024271 -0.01676744 -0.47000117
v 0.14671626 -0.01445029 -0.47794389
v 0.12282507 -0.01209721 -0.48469836
v 0.09862851 -0.00971406 -0.49024779
v 0.07418674 -0.00730676 -0.49457836
v 0.04956053 -0.00488129 -0.49767936
v 0.02481111 -0.00244368 -0.49954307
f 3 65 1
f 65 127 1
f 127 189 1
f 189 251 1
f 251 313 1
f 313 375 1
f 375 437 1
f 437 499 1
f 499 561 1
f 561 623 1
f 623 685 1
f 685 747 1
f 747 809 1
f 809 871 1
f 871 933 1
f 933 995 1
f 995 1057 1
f 1057 1119 1
f 1119 1181 1
f 1181 1243 1
f 1243 1305 1
f 1305 1367 1
f 1367 1429 1
f 1429 1491 1
f 1491 1553 1
f 1553 1615 1
f 1615 1677 1
f 1677 1739 1
f 1739 1801 1
f 1801 1863 1
f 1863 1925 1
f 1925 1987 1
f 1987 2049 1
f 2049 2111 1
f 2111 2173 1
f 2173 2235 1
f 2235 2297 1
f 2297 2359 1
f 2359 2421 1
f 2421 2483 1
f 2483 2545 1
f 2545 2607 1
f 2607 2669 1
f 2669 2731 1
f 2731 2793 1
f 2793 2855 1
f 2855 2917 1
f 2917 2979 1
f 2979 3041 1
f 3041 3103 1
f 3103 3165 1
f 3165 3227 1
f 3227 3289 1
f 3289 3351 1
f 3351 3413 1
f 3413 3475 1
f 3475 3537 1
f 3537 3599 1
f 3599 3661 1
f 3661 3723 1
f 3723 3785 1
f 3785 3847 1
f 3847 3909 1
f 3909 3 1
f 64 2 126
f 126 2 188
f 188 2 250
f 250 2 312
f 312 2 374
f 374 2 436
f 436 2 498
f 498 2 560
f 560 2 622
f 622 2 684
f 684 2 746
f 746 2 808
f 808 2 870
f 870 2 932
f 932 2 994
f 994 2 1056
f 1056 2 1118
f 1118 2 1180
f 1180 2 1242
f 1242 2 1304
f 1304 2 1366
f 1366 2 1428
f 1428 2 1490
f 1490 2 1552
f 1552 2 1614
f 1614 2 1676
f 1676 2 1738
f 1738 2 1800
f 1800 2 1862
f 1862 2 1924
f 1924 2 1986
f 1986 2 2048
f 2048 2 2110
f 2110 2 2172
f 2172 2 2234
f 2234 2 2296
f 2296 2 2358
f 2358 2 2420
f 2420 2 2482
f 2482 2 2544
f 2544 2 2606
f 2606 2 2668
f 2668 2 2730
f 2730 2 2792
f 2792 2 2854
f 2854 2 2916
f 2916 2 2978
f 2978 2 3040
f 3040 2 3102
f 3102 2 3164
f 3164 2 3226
f 3226 2 3288
f 3288 2 3350
f 3350 2 3412
f 3412 2 3474
f 3474 2 3536
f 3536 2 3598
f 3598 2 3660
f 3660 2 3722
f 3722 2 3784
f 3784 2 3846
f 3846 2 3908
f 3908 2 3970
f 3970 2 64
f 3 4 66
f 3 66 65
f 4 5 67
f 4 67 66
f 5 6 68
f 5 68 67
f 6 7 69
f 6 69 68
f 7 8 70
f 7 70 69
f 8 9 71
f 8 71 70
f 9 10 72
f 9 72 71
f 10 11 73
f 10 73 72
f 11 12 74
f 11 74 73
f 12 13 75
f 12 75 74
f 13 14 76
f 13 76 75
f 14 15 77
f 14 77 76
f 15 16 78
f 15 78 77
f 16 17 79
f 16 79 78
f 17 18 80
f 17 80 79
f 18 19 81
f 18 81 80
f 19 20 82
f 19 82 81
f 20 21 83
f 20 83 82
f 21 22 84
f 21 84 83
f 22 23 85
f 22 85 84
f 23 24 86
f 23 86 85
f 24 25 87
f 24 87 86
f 25 26 88
f 25 88 87
f 26 27 89
f 26 89 88
f 27 28 90
f 27 90 89
f 28 29 91
f 28 91 90
f 29 30 92
f 29 92 91
f 30 31 93
f 30 93 92
f 31 32 94
f 31 94 93
f 32 33 95
f 32 95 94
f 33 34 96
f 33 96 95
f 34 35 97
f 34 97 96
f 35 36 98
f 35 98 97
f 36 37 99
f 36 99 98
f 37 38 100
f 37 100 99
f 38 39 101
f 38 101 100
f 39 40 102
f 39 102 101
f 40 41 103
f 40 103 102
f 41 42 104
f 41 104 103
f 42 43 105
f 42 105 104
f 43 44 106
f 43 106 105
f 44 45 107
f 44 107 106
f 45 46 108
f 45 108 107
f 46 47 109
f 46 109 108
f 47 48 110
f 47 110 109
f 48 49 111
f 48 111 110
f 49 50 112
f 49 112 111
f 50 51 113
f 50 113 112
f 51 52 114
f 51 114 113
f 52 53 115
f 52 115 114
f 53 54 116
f 53 116 115
f 54 55 117
f 54 117 116
f 55 56 118
f 55 118 117
f 56 57 119
f 56 119 118
f 57 58 120
f 57 120 119
f 58 59 121
f 58 121 120
f 59 60 122
f 59 122 121
f 60 61 123
f 60 123 122
f 61 62 124
f 61 124 123
f 62 63 125
f 62 125 124
f 63 64 126
f 63 126 125
f 65 66 128
f 65 128 127
f 66 67 129
f 66 129 128
f 67 68 130
f 67 130 129
f 68 69 131
f 68 131 130
f 69 70 132
f 69 132 131
f 70 71 133
f 70 133 132
f 71 72 134
f 71 134 133
f 72 73 135
f 72 135 134
f 73 74 136
f 73 136 135
f 74 75 137
f 74 137 136
f 75 76 138
f 75 138 137
f 76 77 139
f 76 139 138
f 77 78 140
f 77 140 139
f 78 79 141
f 78 141 140
f 79 80 142
f 79 142 141
f 80 81 143
f 80 143 142
f 81 82 144
f 81 144 143
f 82 83 145
f 82 145 144
f 83 84 146
f 83 146 145
f 84 85 147
f 84 147 146
f 85 86 148
f 85 148 147
f 86 87 149
f 86 149 148
f 87 88 150
f 87 150 149
f 88 89 151
f 88 151 150
f 89 90 152
f 89 152 151
f 90 91 153
f 90 153 152
f 91 92 154
f 91 154 153
f 92 93 155
f 92 155 154
f 93 94 156
f 93 156 155
f 94 95 157
f 94 157 156
f 95 96 158
f 95 158 157
f 96 97 159
f 96 159 158
f 97 98 160
f 97 160 159
f 98 99 161
f 98 161 160
f 99 100 162
f 99 162 161
f 100 101 163
f 100 163 162
f 101 102 164
f 101 164 163
f 102 103 165
f 102 165 164
f 103 104 166
f 103 166 165
f 104 105 167
f 104 167 166
f 105 106 168
f 105 168 167
f 106 107 169
f 106 169 168
f 107 108 170
f 107 170 169
f 108 109 171
f 108 171 170
f 109 110 172
f 109 172 171
f 110 111 173
f 110 173 172
f 111 112 174
f 111 174 173
f 112 113 175
f 112 175 174
f 113 114 176
f 113 176 175
f 114 115 177
f 114 177 176
f 115 116 178
f 115 178 177
f 116 117 179
f 116 179 178
f 117 118 180
f 117 180 179
f 118 119 181
f 118 181 180
f 119 120 182
f 119 182 181
f 120 121 183
f 120 183 182
f 121 122 184
f 121 184 183
f 122 123 185
f 122 185 184
f 123 124 186
f 123 186 185
f 124 125 187
f 124 187 186
f 125 126 188
f 125 188 187
f 127 128 190
f 127 190 189
f 128 129 191
f 128 191 190
f 129 130 192
f 129 192 191
f 130 131 193
f 130 193 192
f 131 132 194
f 131 194 193
f 132 133 195
f 132 195 194
f 133 134 196
f 133 196 195
f 134 135 197
f 134 197 196
f 135 136 198
f 135 198 197
f 136 137 199
f 136 199 198
f 137 138 200
f 137 200 199
f 138 139 201
f 138 201 200
f 139 140 202
f 139 202 201
f 140 141 203
f 140 203 202
f 141 142 204
f 141 204 203
f 142 143 205
f 142 205 204
f 143 144 206
f 143 206 205
f 144 145 207
f 144 207 206
f 145 146 208
f 145 208 207
f 146 147 209
f 146 209 208
f 147 148 210
f 147 210 209
f 148 149 211
f 148 211 210
f 149 150 212
f 149 212 211
f 150 151 213
f 150 213 212
f 151 152 214
f 151 214 213
f 152 153 215
f 152 215 214
f 153 154 216
f 153 216 215
f 154 155 217
f 154 217 216
f 155 156 218
f 155 218 217
f 156 157 219
f 156 219 218
f 157 158 220
f 157 220 219
f 158 159 221
f 158 221 220
f 159 160 222
f 159 222 221
f 160 161 223
f 160 223 222
f 161 162 224
f 161 224 223
f 162 163 225
f 162 225 224
f 163 164 226
f 163 226 225
f 164 165 227
f 164 227 226
f 165 166 228
f 165 228 227
f 166 167 229
f 166 229 228
f 167 168 230
f 167 230 229
f 168 169 231
f 168 231 230
f 169 170 232
f 169 232 231
f 170 171 233
f 170 233 232
f 171 172 234
f 171 234 233
f 172 173 235
f 172 235 234
f 173 174 236
f 173 236 235
f 174 175 237
f 174 237 236
f 175 176 238
f 175 238 237
f 176 177 239
f 176 239 238
f 177 178 240
f 177 240 239
f 178 179 241
f 178 241 240
f 179 180 242
f 179 242 241
f 180 181 243
f 180 243 242
f 181 182 244
f 181 244 243
f 182 183 245
f 182 245 244
f 183 184 246
f 183 246 245
f 184 185 247
f 184 247 246
f 185 186 248
f 185 248 247
f 186 187 249
f 186 249 248
f 187 188 250
f 187 250 249
f 189 190 252
f 189 252 251
f 190 191 253
f 190 253 252
f 191 192 254
f 191 254 253
f 192 193 255
f 192 255 254
f 193 194 256
f 193 256 255
f 194 195 257
f 194 257 256
f 195 196 258
f 195 258 257
f 196 197 259
f 196 259 258
f 197 198 260
f 197 260 259
f 198 199 261
f 198 261 260
f 199 200 262
f 199 262 261
f 200 201 263
f 200 263 262
f 201 202 264
f 201 264 263
f 202 203 265
f 202 265 264
f 203 204 266
f 203 266 265
f 204 205 267
f 204 267 266
f 205 206 268
f 205 268 267
f 206 207 269
f 206 269 268
f 207 208 270
f 207 270 269
f 208 209 271
f 208 271 270
f 209 210 272
f 209 272 271
f 210 211 273
f 210 273 272
f 211 212 274
f 211 274 273
f 212 213 275
f 212 275 274
f 213 214 276
f 213 276 275
f 214 215 277
f 214 277 276
f 215 216 278
f 215 278 277
f 216 217 279
f 216 279 278
f 217 218 280
f 217 280 279
f 218 219 281
f 218 281 280
f 219 220 282
f 219 282 281
f 220 221 283
f 220 283 282
f 221 222 284
f 221 284 283
f 222 223 285
f 222 285 284
f 223 224 286
f 223 286 285
f 224 225 287
f 224 287 286
f 225 226 288
f 225 288 287
f 226 227 289
f 226 289 288
f 227 228 290
f 227 290 289
f 228 229 291
f 228 291 290
f 229 230 292
f 229 292 291
f 230 231 293
f 230 293 292
f 231 232 294
f 231 294 293
f 232 233 295
f 232 295 294
f 233 234 296
f 233 296 295
f 234 235 297
f 234 297 296
f 235 236 298
f 235 298 297
f 236 237 299
f 236 299 298
f 237 238 300
f 237 300 299
f 238 239 301
f 238 301 300
f 239 240 302
f 239 302 301
f 240 241 303
f 240 303 302
f 241 242 304
f 241 304 303
f 242 243 305
f 242 305 304
f 243 244 306
f 243 306 305
f 244 245 307
f 244 307 306
f 245 246 308
f 245 308 307
f 246 247 309
f 246 309 308
f 247 248 310
f 247 310 309
f 248 249 311
f 248 311 310
f 249 250 312
f 249 312 311
f 251 252 314
f 251 314 313
f 252 253 315
f 252 315 314
f 253 254 316
f 253 316 315
f 254 255 317
f 254 317 316
f 255 256 318
f 255 318 317
f 256 257 319
f 256 319 318
f 257 258 320
f 257 320 319
f 258 259 321
f 258 321 320
f 259 260 322
f 259 322 321
f 260 261 323
f 260 323 322
f 261 262 324
f 261 324 323
f 262 263 325
f 262 325 324
f 263 264 326
f 263 326 325
f 264 265 327
f 264 327 326
f 265 266 328
f 265 328 327
f 266 267 329
f 266 329 328
f 267 268 330
f 267 330 329
f 268 269 331
f 268 331 330
f 269 270 332
f 269 332 331
f 270 271 333
f 270 333 332
f 271 272 334
f 271 334 333
f 272 273 335
f 272 335 334
f 273 274 336
f 273 336 335
f 274 275 337
f 274 337 336
f 275 276 338
f 275 338 337
f 276 277 339
f 276 339 338
f 277 278 340
f 277 340 339
f 278 279 341
f 278 341 340
f 279 280 342
f 279 342 341
f 280 281 343
f 280 343 342
f 281 282 344
f 281 344 343
f 282 283 345
f 282 345 344
f 283 284 346
f 283 346 345
f 284 285 347
f 284 347 346
f 285 286 348
f 285 348 347
f 286 287 349
f 286 349 348
f 287 288 350
f 287 350 349
f 288 289 351
f 288 351 350
f 289 290 352
f 289 352 351
f 290 291 353
f 290 353 352
f 291 292 354
f 291 354 353
f 292 293 355
f 292 355 354
f 293 294 356
f 293 356 355
f 294 295 357
f 294 357 356
f 295 296 358
f 295 358 357
f 296 297 359
f 296 359 358
f 297 298 360
f 297 360 359
f 298 299 361
f 298 361 360
f 299 300 362
f 299 362 361
f 300 301 363
f 300 363 362
f 301 302 364
f 301 364 363
f 302 303 365
f 302 365 364
f 303 304 366
f 303 366 365
f 304 305 367
f 304 367 366
f 305 306 368
f 305 368 367
f 306 307 369
f 306 369 368
f 307 308 370
f 307 370 369
f 308 309 371
f 308 371 370
f 309 310 372
f 309 372 371
f 310 311 373
f 310 373 372
f 311 312 374
f 311 374 373
f 313 314 376
f 313 376 375
f 314 315 377
f 314 377 376
f 315 316 378
f 315 378 377
f 316 317 379
f 316 379 378
f 317 318 380
f 317 380 379
f 318 319 381
f 318 381 380
f 319 320 382
f 319 382 381
f 320 321 383
f 320 383 382
f 321 322 384
f 321 384 383
f 322 323 385
f 322 385 384
f 323 324 386
f 323 386 385
f 324 325 387
f 324 387 386
f 325 326 388
f 325 388 387
f 326 327 389
f 326 389 388
f 327 328 390
f 327 390 389
f 328 329 391
f 328 391 390
f 329 330 392
f 329 392 391
f 330 331 393
f 330 393 392
f 331 332 394
f 331 394 393
f 332 333 395
f 332 395 394
f 333 334 396
f 333 396 395
f 334 335 397
f 334 397 396
f 335 336 398
f 335 398 397
f 336 337 399
f 336 399 398
f 337 338 400
f 337 400 399
f 338 339 401
f 338 401 400
f 339 340 402
f 339 402 401
f 340 341 403
f 340 403 402
f 341 342 404
f 341 404 403
f 342 343 405
f 342 405 404
f 343 344 406
f 343 406 405
f 344 345 407
f 344 407 406
f 345 346 408
f 345 408 407
f 346 347 409
f 346 409 408
f 347 348 410
f 347 410 409
f 348 349 411
f 348 411 410
f 349 350 412
f 349 412 411
f 350 351 413
f 350 413 412
f 351 352 414
f 351 414 413
f 352 353 415
f 352 415 414
f 353 354 416
f 353 416 415
f 354 355 417
f 354 417 416
f 355 356 418
f 355 418 417
f 356 357 419
f 356 419 418
f 357 358 420
f 357 420 419
f 358 359 421
f 358 421 420
f 359 360 422
f 359 422 421
f 360 361 423
f 360 423 422
f 361 362 424
f 361 424 423
f 362 363 425
f 362 425 424
f 363 364 426
f 363 426 425
f 364 365 427
f 364 427 426
f 365 366 428
f 365 428 427
f 366 367 429
f 366 429 428
f 367 368 430
f 367 430 429
f 368 369 431
f 368 431 430
f 369 370 432
f 369 432 431
f 370 371 433
f 370 433 432
f 371 372 434
f 371 434 433
f 372 373 435
f 372 435 434
f 373 374 436
f 373 436 435
f 375 376 438
f 375 438 437
f 376 377 439
f 376 439 438
f 377 378 440
f 377 440 439
f 378 379 441
f 378 441 440
f 379 380 442
f 379 442 441
f 380 381 443
f 380 443 442
f 381 382 444
f 381 444 443
f 382 383 445
f 382 445 444
f 383 384 446
f 383 446 445
f 384 385 447
f 384 447 446
f 385 386 448
f 385 448 447
f 386 387 449
f 386 449 448
f 387 388 450
f 387 450 449
f 388 389 451
f 388 451 450
f 389 390 452
f 389 452 451
f 390 391 453
f 390 453 452
f 391 392 454
f 391 454 453
f 392 393 455
f 392 455 454
f 393 394 456
f 393 456 455
f 394 395 457
f 394 457 456
f 395 396 458
f 395 458 457
f 396 397 459
f 396 459 458
f 397 398 460
f 397 460 459
f 398 399 461
f 398 461 460
f 399 400 462
f 399 462 461
f 400 401 463
f 400 463 462
f 401 402 464
f 401 464 463
f 402 403 465
f 402 465 464
f 403 404 466
f 403 466 465
f 404 405 467
f 404 467 466
f 405 406 468
f 405 468 467
f 406 407 469
f 406 469 468
f 407 408 470
f 407 470 469
f 408 409 471
f 408 471 470
f 409 410 472
f 409 472 471
f 410 411 473
f 410 473 472
f 411 412 474
f 411 474 473
f 412 413 475
f 412 475 474
f 413 414 476
f 413 476 475
f 414 415 477
f 414 477 476
f 415 416 478
f 415 478 477
f 416 417 479
f 416 479 478
f 417 418 480
f 417 480 479
f 418 419 481
f 418 481 480
f 419 420 482
f 419 482 481
f 420 421 483
f 420 483 482
f 421 422 484
f 421 484 483
f 422 423 485
f 422 485 484
f 423 424 486
f 423 486 485
f 424 425 487
f 424 487 486
f 425 426 488
f 425 488 487
f 426 427 489
f 426 489 488
f 427 428 490
f 427 490 489
f 428 429 491
f 428 491 490
f 429 430 492
f 429 492 491
f 430 431 493
f 430 493 492
f 431 432 494
f 431 494 493
f 432 433 495
f 432 495 494
f 433 434 496
f 433 496 495
f 434 435 497
f 434 497 496
f 435 436 498
f 435 498 497
f 437 438 500
f 437 500 499
f 438 439 501
f 438 501 500
f 439 440 502
f 439 502 501
f 440 441 503
f 440 503 502
f 441 442 504
f 441 504 503
f 442 443 505
f 442 505 504
f 443 444 506
f 443 506 505
f 444 445 507
f 444 507 506
f 445 446 508
f 445 508 507
f 446 447 509
f 446 509 508
f 447 448 510
f 447 510 509
f 448 449 511
f 448 511 510
f 449 450 512
f 449 512 511
f 450 451 513
f 450 513 512
f 451 452 514
f 451 514 513
f 452 453 515
f 452 515 514
f 453 454 516
f 453 516 515
f 454 455 517
f 454 517 516
f 455 456 518
f 455 518 517
f 456 457 519
f 456 519 518
f 457 458 520
f 457 520 519
f 458 459 521
f 458 521 520
f 459 460 522
f 459 522 521
f 460 461 523
f 460 523 522
f 461 462 524
f 461 524 523
f 462 463 525
f 462 525 524
f 463 464 526
f 463 526 525
f 464 465 527
f 464 527 526
f 465 466 528
f 465 528 527
f 466 467 529
f 466 529 528
f 467 468 530
f 467 530 529
f 468 469 531
f 468 531 530
f 469 470 532
f 469 532 531
f 470 471 533
f 470 533 532
f 471 472 534
f 471 534 533
f 472 473 535
f 472 535 534
f 473 474 536
f 473 536 535
f 474 475 537
f 474 537 536
f 475 476 538
f 475 538 537
f 476 477 539
f 476 539 538
f 477 478 540
f 477 540 539
f 478 479 541
f 478 541 540
f 479 480 542
f 479 542 541
f 480 481 543
f 480 543 542
f 481 482 544
f 481 544 543
f 482 483 545
f 482 545 544
f 483 484 546
f 483 546 545
f 484 485 547
f 484 547 546
f 485 486 548
f 485 548 547
f 486 487 549
f 486 549 548
f 487 488 550
f 487 550 549
f 488 489 551
f 488 551 550
f 489 490 552
f 489 552 551
f 490 491 553
f 490 553 552
f 491 492 554
f 491 554 553
f 492 493 555
f 492 555 554
f 493 494 556
f 493 556 555
f 494 495 557
f 494 557 556
f 495 496 558
f 495 558 557
f 496 497 559
f 496 559 558
f 497 498 560
f 497 560 559
f 499 500 562
f 499 562 561
f 500 501 563
f 500 563 562
f 501 502 564
f 501 564 563
f 502 503 565
f 502 565 564
f 503 504 566
f 503 566 565
f 504 505 567
f 504 567 566
f 505 506 568
f 505 568 567
f 506 507 569
f 506 569 568
f 507 508 570
f 507 570 569
f 508 509 571
f 508 571 570
f 509 510 572
f 509 572 571
f 510 511 573
f 510 573 572
f 511 512 574
f 511 574 573
f 512 513 575
f 512 575 574
f 513 514 576
f 513 576 575
f 514 515 577
f 514 577 576
f 515 516 578
f 515 578 577
f 516 517 579
f 516 579 578
f 517 518 580
f 517 580 579
f 518 519 581
f 518 581 580
f 519 520 582
f 519 582 581
f 520 521 583
f 520 583 582
f 521 522 584
f 521 584 583
f 522 523 585
f 522 585 584
f 523 524 586
f 523 586 585
f 524 525 587
f 524 587 586
f 525 526 588
f 525 588 587
f 526 527 589
f 526 589 588
f 527 528 590
f 527 590 589
f 528 529 591
f 528 591 590
f 529 530 592
f 529 592 591
f 530 531 593
f 530 593 592
f 531 532 594
f 531 594 593
f 532 533 595
f 532 595 594
f 533 534 596
f 533 596 595
f 534 535 597
f 534 597 596
f 535 536 598
f 535 598 597
f 536 537 599
f 536 599 598
f 537 538 600
f 537 600 599
f 538 539 601
f 538 601 600
f 539 540 602
f 539 602 601
f 540 541 603
f 540 603 602
f 541 542 604
f 541 604 603
f 542 543 605
f 542 605 604
f 543 544 606
f 543 606 605
f 544 545 607
f 544 607 606
f 545 546 608
f 545 608 607
f 546 547 609
f 546 609 608
f 547 548 610
f 547 610 609
f 548 549 611
f 548 611 610
f 549 550 612
f 549 612 611
f 550 551 613
f 550 613 612
f 551 552 614
f 551 614 613
f 552 553 615
f 552 615 614
f 553 554 616
f 553 616 615
f 554 555 617
f 554 617 616
f 555 556 618
f 555 618 617
f 556 557 619
f 556 619 618
f 557 558 620
f 557 620 619
f 558 559 621
f 558 621 620
f 559 560 622
f 559 622 621
f 561 562 624
f 561 624 623
f 562 563 625
f 562 625 624
f 563 564 626
f 563 626 625
f 564 565 627
f 564 627 626
f 565 566 628
f 565 628 627
f 566 567 629
f 566 629 628
f 567 568 630
f 567 630 629
f 568 569 631
f 568 631 630
f 569 570 632
f 569 632 631
f 570 571 633
f 570 633 632
f 571 572 634
f 571 634 633
f 572 573 635
f 572 635 634
f 573 574 636
f 573 636 635
f 574 575 637
f 574 637 636
f 575 576 638
f 575 638 637
f 576 577 639
f 576 639 638
f 577 578 640
f 577 640 639
f 578 579 641
f 578 641 640
f 579 580 642
f 579 642 641
f 580 581 643
f 580 643 642
f 581 582 644
f 581 644 643
f 582 583 645
f 582 645 644
f 583 584 646
f 583 646 645
f 584 585 647
f 584 647 646
f 585 586 648
f 585 648 647
f 586 587 649
f 586 649 648
f 587 588 650
f 587 650 649
f 588 589 651
f 588 651 650
f 589 590 652
f 589 652 651
f 590 591 653
f 590 653 652
f 591 592 654
f 591 654 653
f 592 593 655
f 592 655 654
f 593 594 656
f 593 656 655
f 594 595 657
f 594 657 656
f 595 596 658
f 595 658 657
f 596 597 659
f 596 659 658
f 597 598 660
f 597 660 659
f 598 599 661
f 598 661 660
f 599 600 662
f 599 662 661
f 600 601 663
f 600 663 662
f 601 602 664
f 601 664 663
f 602 603 665
f 602 665 664
f 603 604 666
f 603 666 665
f 604 605 667
f 604 667 666
f 605 606 668
f 605 668 667
f 606 607 669
f 606 669 668
f 607 608 670
f 607 670 669
f 608 609 671
f 608 671 670
f 609 610 672
f 609 672 671
f 610 611 673
f 610 673 672
f 611 612 674
f 611 674 673
f 612 613 675
f 612 675 674
f 613 614 676
f 613 676 675
f 614 615 677
f 614 677 676
f 615 616 678
f 615 678 677
f 616 617 679
f 616 679 678
f 617 618 680
f 617 680 679
f 618 619 681
f 618 681 680
f 619 620 682
f 619 682 681
f 620 621 683
f 620 683 682
f 621 622 684
f 621 684 683
f 623 624 686
f 623 686 685
f 624 625 687
f 624 687 686
f 625 626 688
f 625 688 687
f 626 627 689
f 626 689 688
f 627 628 690
f 627 690 689
f 628 629 691
f 628 691 690
f 629 630 692
f 629 692 691
f 630 631 693
f 630 693 692
f 631 632 694
f 631 694 693
f 632 633 695
f 632 695 694
f 633 634 696
f 633 696 695
f 634 635 697
f 634 697 696
f 635 636 698
f 635 698 697
f 636 637 699
f 636 699 698
f 637 638 700
f 637 700 699
f 638 639 701
f 638 701 700
f 639 640 702
f 639 702 701
f 640 641 703
f 640 703 702
f 641 642 704
f 641 704 703
f 642 643 705
f 642 705 704
f 643 644 706
f 643 706 705
f 644 645 707
f 644 707 706
f 645 646 708
f 645 708 707
f 646 647 709
f 646 709 708
f 647 648 710
f 647 710 709
f 648 649 711
f 648 711 710
f 649 650 712
f 649 712 711
f 650 651 713
f 650 713 712
f 651 652 714
f 651 714 713
f 652 653 715
f 652 715 714
f 653 654 716
f 653 716 715
f 654 655 717
f 654 717 716
f 655 656 718
f 655 718 717
f 656 657 719
f 656 719 718
f 657 658 720
f 657 720 719
f 658 659 721
f 658 721 720
f 659 660 722
f 659 722 721
f 660 661 723
f 660 723 722
f 661 662 724
f 661 724 723
f 662 663 725
f 662 725 724
f 663 664 726
f 663 726 725
f 664 665 727
f 664 727 726
f 665 666 728
f 665 728 727
f 666 667 729
f 666 729 728
f 667 668 730
f 667 730 729
f 668 669 731
f 668 731 730
f 669 670 732
f 669 732 731
f 670 671 733
f 670 733 732
f 671 672 734
f 671 734 733
f 672 673 735
f 672 735 734
f 673 674 736
f 673 736 735
f 674 675 737
f 674 737 736
f 675 676 738
f 675 738 737
f 676 677 739
f 676 739 738
f 677 678 740
f 677 740 739
f 678 679 741
f 678 741 740
f 679 680 742
f 679 742 741
f 680 681 743
f 680 743 742
f 681 682 744
f 681 744 743
f 682 683 745
f 682 745 744
f 683 684 746
f 683 746 745
f 685 686 748
f 685 748 747
f 686 687 749
f 686 749 748
f 687 688 750
f 687 750 749
f 688 689 751
f 688 751 750
f 689 690 752
f 689 752 751
f 690 691 753
f 690 753 752
f 691 692 754
f 691 754 753
f 692 693 755
f 692 755 754
f 693 694 756
f 693 756 755
f 694 695 757
f 694 757 756
f 695 696 758
f 695 758 757
f 696 697 759
f 696 759 758
f 697 698 760
f 697 760 759
f 698 699 761
f 698 761 760
f 699 700 762
f 699 762 761
f 700 701 763
f 700 763 762
f 701 702 764
f 701 764 763
f 702 703 765
f 702 765 764
f 703 704 766
f 703 766 765
f 704 705 767
f 704 767 766
f 705 706 768
f 705 768 767
f 706 707 769
f 706 769 768
f 707 708 770
f 707 770 769
f 708 709 771
f 708 771 770
f 709 710 772
f 709 772 771
f 710 711 773
f 710 773 772
f 711 712 774
f 711 774 773
f 712 713 775
f 712 775 774
f 713 714 776
f 713 776 775
f 714 715 777
f 714 777 776
f 715 716 778
f 715 778 777
f 716 717 779
f 716 779 778
f 717 718 780
f 717 780 779
f 718 719 781
f 718 781 780
f 719 720 782
f 719 782 781
f 720 721 783
f 720 783 782
f 721 722 784
f 721 784 783
f 722 723 785
f 722 785 784
f 723 724 786
f 723 786 785
f 724 725 787
f 724 787 786
f 725 726 788
f 725 788 787
f 726 727 789
f 726 789 788
f 727 728 790
f 727 790 789
f 728 729 791
f 728 791 790
f 729 730 792
f 729 792 791
f 730 731 793
f 730 793 792
f 731 732 794
f 731 794 793
f 732 733 795
f 732 795 794
f 733 734 796
f 733 796 795
f 734 735 797
f 734 797 796
f 735 736 798
f 735 798 797
f 736 737 799
f 736 799 798
f 737 738 800
f 737 800 799
f 738 739 801
f 738 801 800
f 739 740 802
f 739 802 801
f 740 741 803
f 740 803 802
f 741 742 804
f 741 804 803
f 742 743 805
f 742 805 804
f 743 744 806
f 743 806 805
f 744 745 807
f 744 807 806
f 745 746 808
f 745 808 807
f 747 748 810
f 747 810 809
f 748 749 811
f 748 811 810
f 749 750 812
f 749 812 811
f 750 751 813
f 750 813 812
f 751 752 814
f 751 814 813
f 752 753 815
f 752 815 814
f 753 754 816
f 753 816 815
f 754 755 817
f 754 817 816
f 755 756 818
f 755 818 817
f 756 757 819
f 756 819 818
f 757 758 820
f 757 820 819
f 758 759 821
f 758 821 820
f 759 760 822
f 759 822 821
f 760 761 823
f 760 823 822
f 761 762 824
f 761 824 823
f 762 763 825
f 762 825 824
f 763 764 826
f 763 826 825
f 764 765 827
f 764 827 826
f 765 766 828
f 765 828 827
f 766 767 829
f 766 829 828
f 767 768 830
f 767 830 829
f 768 769 831
f 768 831 830
f 769 770 832
f 769 832 831
f 770 771 833
f 770 833 832
f 771 772 834
f 771 834 833
f 772 773 835
f 772 835 834
f 773 774 836
f 773 836 835
f 774 775 837
f 774 837 836
f 775 776 838
f 775 838 837
f 776 777 839
f 776 839 838
f 777 778 840
f 777 840 839
f 778 779 841
f 778 841 840
f 779 780 842
f 779 842 841
f 780 781 843
f 780 843 842
f 781 782 844
f 781 844 843
f 782 783 845
f 782 845 844
f 783 784 846
f 783 846 845
f 784 785 847
f 784 847 846
f 785 786 848
f 785 848 847
f 786 787 849
f 786 849 848
f 787 788 850
f 787 850 849
f 788 789 851
f 788 851 850
f 789 790 852
f 789 852 851
f 790 791 853
f 790 853 852
f 791 792 854
f 791 854 853
f 792 793 855
f 792 855 854
f 793 794 856
f 793 856 855
f 794 795 857
f 794 857 856
f 795 796 858
f 795 858 857
f 796 797 859
f 796 859 858
f 797 798 860
f 797 860 859
f 798 799 861
f 798 861 860
f 799 800 862
f 799 862 861
f 800 801 863
f 800 863 862
f 801 802 864
f 801 864 863
f 802 803 865
f 802 865 864
f 803 804 866
f 803 866 865
f 804 805 867
f 804 867 866
f 805 806 868
f 805 868 867
f 806 807 869
f 806 869 868
f 807 808 870
f 807 870 869
f 809 810 872
f 809 872 871
f 810 811 873
f 810 873 872
f 811 812 874
f 811 874 873
f 812 813 875
f 812 875 874
f 813 814 876
f 813 876 875
f 814 815 877
f 814 877 876
f 815 816 878
f 815 878 877
f 816 817 879
f 816 879 878
f 817 818 880
f 817 880 879
f 818 819 881
f 818 881 880
f 819 820 882
f 819 882 881
f 820 821 883
f 820 883 882
f 821 822 884
f 821 884 883
f 822 823 885
f 822 885 884
f 823 824 886
f 823 886 885
f 824 825 887
f 824 887 886
f 825 826 888
f 825 888 887
f 826 827 889
f 826 889 888
f 827 828 890
f 827 890 889
f 828 829 891
f 828 891 890
f 829 830 892
f 829 892 891
f 830 831 893
f 830 893 892
f 831 832 894
f 831 894 893
f 832 833 895
f 832 895 894
f 833 834 896
f 833 896 895
f 834 835 897
f 834 897 896
f 835 836 898
f 835 898 897
f 836 837 899
f 836 899 898
f 837 838 900
f 837 900 899
f 838 839 901
f 838 901 900
f 839 840 902
f 839 902 901
f 840 841 903
f 840 903 902
f 841 842 904
f 841 904 903
f 842 843 905
f 842 905 904
f 843 844 906
f 843 906 905
f 844 845 907
f 844 907 906
f 845 846 908
f 845 908 907
f 846 847 909
f 846 909 908
f 847 848 910
f 847 910 909
f 848 849 911
f 848 911 910
f 849 850 912
f 849 912 911
f 850 851 913
f 850 913 912
f 851 852 914
f 851 914 913
f 852 853 915
f 852 915 914
f 853 854 916
f 853 916 915
f 854 855 917
f 854 917 916
f 855 856 918
f 855 918 917
f 856 857 919
f 856 919 918
f 857 858 920
f 857 920 919
f 858 859 921
f 858 921 920
f 859 860 922
f 859 922 921
f 860 861 923
f 860 923 922
f 861 862 924
f 861 924 923
f 862 863 925
f 862 925 924
f 863 864 926
f 863 926 925
f 864 865 927
f 864 927 926
f 865 866 928
f 865 928 927
f 866 867 929
f 866 929 928
f 867 868 930
f 867 930 929
f 868 869 931
f 868 931 930
f 869 870 932
f 869 932 931
f 871 872 934
f 871 934 933
f 872 873 935
f 872 935 934
f 873 874 936
f 873 936 935
f 874 875 937
f 874 937 936
f 875 876 938
f 875 938 937
f 876 877 939
f 876 939 938
f 877 878 940
f 877 940 939
f 878 879 941
f 878 941 940
f 879 880 942
f 879 942 941
f 880 881 943
f 880 943 942
f 881 882 944
f 881 944 943
f 882 883 945
f 882 945 944
f 883 884 946
f 883 946 945
f 884 885 947
f 884 947 946
f 885 886 948
f 885 948 947
f 886 887 949
f 886 949 948
f 887 888 950
f 887 950 949
f 888 889 951
f 888 951 950
f 889 890 952
f 889 952 951
f 890 891 953
f 890 953 952
f 891 892 954
f 891 954 953
f 892 893 955
f 892 955 954
f 893 894 956
f 893 956 955
f 894 895 957
f 894 957 956
f 895 896 958
f 895 958 957
f 896 897 959
f 896 959 958
f 897 898 960
f 897 960 959
f 898 899 961
f 898 961 960
f 899 900 962
f 899 962 961
f 900 901 963
f 900 963 962
f 901 902 964
f 901 964 963
f 902 903 965
f 902 965 964
f 903 904 966
f 903 966 965
f 904 905 967
f 904 967 966
f 905 906 968
f 905 968 967
f 906 907 969
f 906 969 968
f 907 908 970
f 907 970 969
f 908 909 971
f 908 971 970
f 909 910 972
f 909 972 971
f 910 911 973
f 910 973 972
f 911 912 974
f 911 974 973
f 912 913 975
f 912 975 974
f 913 914 976
f 913 976 975
f 914 915 977
f 914 977 976
f 915 916 978
f 915 978 977
f 916 917 979
f 916 979 978
f 917 918 980
f 917 980 979
f 918 919 981
f 918 981 980
f 919 920 982
f 919 982 981
f 920 921 983
f 920 983 982
f 921 922 984
f 921 984 983
f 922 923 985
f 922 985 984
f 923 924 986
f 923 986 985
f 924 925 987
f 924 987 986
f 925 926 988
f 925 988 987
f 926 927 989
f 926 989 988
f 927 928 990
f 927 990 989
f 928 929 991
f 928 991 990
f 929 930 992
f 929 992 991
f 930 931 993
f 930 993 992
f 931 932 994
f 931 994 993
f 933 934 996
f 933 996 995
f 934 935 997
f 934 997 996
f 935 936 998
f 935 998 997
f 936 937 999
f 936 999 998
f 937 938 1000
f 937 1000 999
f 938 939 1001
f 938 1001 1000
f 939 940 1002
f 939 1002 1001
f 940 941 1003
f 940 1003 1002
f 941 942 1004
f 941 1004 1003
f 942 943 1005
f 942 1005 1004
f 943 944 1006
f 943 1006 1005
f 944 945 1007
f 944 1007 1006
f 945 946 1008
f 945 1008 1007
f 946 947 1009
f 946 1009 1008
f 947 948 1010
f 947 1010 1009
f 948 949 1011
f 948 1011 1010
f 949 950 1012
f 949 1012 1011
f 950 951 1013
f 950 1013 1012
f 951 952 1014
f 951 1014 1013
f 952 953 1015
f 952 1015 1014
f 953 954 1016
f 953 1016 1015
f 954 955 1017
f 954 1017 1016
f 955 956 1018
f 955 1018 1017
f 956 957 1019
f 956 1019 1018
f 957 958 1020
f 957 1020 1019
f 958 959 1021
f 958 1021 1020
f 959 960 1022
f 959 1022 1021
f 960 961 1023
f 960 1023 1022
f 961 962 1024
f 961 1024 1023
f 962 963 1025
f 962 1025 1024
f 963 964 1026
f 963 1026 1025
f 964 965 1027
f 964 1027 1026
f 965 966 1028
f 965 1028 1027
f 966 967 1029
f 966 1029 1028
f 967 968 1030
f 967 1030 1029
f 968 969 1031
f 968 1031 1030
f 969 970 1032
f 969 1032 1031
f 970 971 1033
f 970 1033 1032
f 971 972 1034
f 971 1034 1033
f 972 973 1035
f 972 1035 1034
f 973 974 1036
f 973 1036 1035
f 974 975 1037
f 974 1037 1036
f 975 976 1038
f 975 1038 1037
f 976 977 1039
f 976 1039 1038
f 977 978 1040
f 977 1040 1039
f 978 979 1041
f 978 1041 1040
f 979 980 1042
f 979 1042 1041
f 980 981 1043
f 980 1043 1042
f 981 982 1044
f 981 1044 1043
f 982 983 1045
f 982 1045 1044
f 983 984 1046
f 983 1046 1045
f 984 985 1047
f 984 1047 1046
f 985 986 1048
f 985 1048 1047
f 986 987 1049
f 986 1049 1048
f 987 988 1050
f 987 1050 1049
f 988 989 1051
f 988 1051 1050
f 989 990 1052
f 989 1052 1051
f 990 991 1053
f 990 1053 1052
f 991 992 1054
f 991 1054 1053
f 992 993 1055
f 992 1055 1054
f 993 994 1056
f 993 1056 1055
f 995 996 1058
f 995 1058 1057
f 996 997 1059
f 996 1059 1058
f 997 998 1060
f 997 1060 1059
f 998 999 1061
f 998 1061 1060
f 999 1000 1062
f 999 1062 1061
f 1000 1001 1063
f 1000 1063 1062
f 1001 1002 1064
f 1001 1064 1063
f 1002 1003 1065
f 1002 1065 1064
f 1003 1004 1066
f 1003 1066 1065
f 1004 1005 1067
f 1004 1067 1066
f 1005 1006 1068
f 1005 1068 1067
f 1006 1007 1069
f 1006 1069 1068
f 1007 1008 1070
f 1007 1070 1069
f 1008 1009 1071
f 1008 1071 1070
f 1009 1010 1072
f 1009 1072 1071
f 1010 1011 1073
f 1010 1073 1072
f 1011 1012 1074
f 1011 1074 1073
f 1012 1013 1075
f 1012 1075 1074
f 1013 1014 1076
f 1013 1076 1075
f 1014 1015 1077
f 1014 1077 1076
f 1015 1016 1078
f 1015 1078 1077
f 1016 1017 1079
f 1016 1079 1078
f 1017 1018 1080
f 1017 1080 1079
f 1018 1019 1081
f 1018 1081 1080
f 1019 1020 1082
f 1019 1082 1081
f 1020 1021 1083
f 1020 1083 1082
f 1021 1022 1084
f 1021 1084 1083
f 1022 1023 1085
f 1022 1085 1084
f 1023 1024 1086
f 1023 1086 1085
f 1024 1025 1087
f 1024 1087 1086
f 1025 1026 1088
f 1025 1088 1087
f 1026 1027 1089
f 1026 1089 1088
f 1027 1028 1090
f 1027 1090 1089
f 1028 1029 1091
f 1028 1091 1090
f 1029 1030 1092
f 1029 1092 1091
f 1030 1031 1093
f 1030 1093 1092
f 1031 1032 1094
f 1031 1094 1093
f 1032 1033 1095
f 1032 1095 1094
f 1033 1034 1096
f 1033 1096 1095
f 1034 1035 1097
f 1034 1097 1096
f 1035 1036 1098
f 1035 1098 1097
f 1036 1037 1099
f 1036 1099 1098
f 1037 1038 1100
f 1037 1100 1099
f 1038 1039 1101
f 1038 1101 1100
f 1039 1040 1102
f 1039 1102 1101
f 1040 1041 1103
f 1040 1103 1102
f 1041 1042 1104
f 1041 1104 1103
f 1042 1043 1105
f 1042 1105 1104
f 1043 1044 1106
f 1043 1106 1105
f 1044 1045 1107
f 1044 1107 1106
f 1045 1046 1108
f 1045 1108 1107
f 1046 1047 1109
f 1046 1109 1108
f 1047 1048 1110
f 1047 1110 1109
f 1048 1049 1111
f 1048 1111 1110
f 1049 1050 1112
f 1049 1112 1111
f 1050 1051 1113
f 1050 1113 1112
f 1051 1052 1114
f 1051 1114 1113
f 1052 1053 1115
f 1052 1115 1114
f 1053 1054 1116
f 1053 1116 1115
f 1054 1055 1117
f 1054 1117 1116
f 1055 1056 1118
f 1055 1118 1117
f 1057 1058 1120
f 1057 1120 1119
f 1058 1059 1121
f 1058 1121 1120
f 1059 1060 1122
f 1059 1122 1121
f 1060 1061 1123
f 1060 1123 1122
f 1061 1062 1124
f 1061 1124 1123
f 1062 1063 1125
f 1062 1125 1124
f 1063 1064 1126
f 1063 1126 1125
f 1064 1065 1127
f 1064 1127 1126
f 1065 1066 1128
f 1065 1128 1127
f 1066 1067 1129
f 1066 1129 1128
f 1067 1068 1130
f 1067 1130 1129
f 1068 1069 1131
f 1068 1131 1130
f 1069 1070 1132
f 1069 1132 1131
f 1070 1071 1133
f 1070 1133 1132
f 1071 1072 1134
f 1071 1134 1133
f 1072 1073 1135
f 1072 1135 1134
f 1073 1074 1136
f 1073 1136 1135
f 1074 1075 1137
f 1074 1137 1136
f 1075 1076 1138
f 1075 1138 1137
f 1076 1077 1139
f 1076 1139 1138
f 1077 1078 1140
f 1077 1140 1139
f 1078 1079 1141
f 1078 1141 1140
f 1079 1080 1142
f 1079 1142 1141
f 1080 1081 1143
f 1080 1143 1142
f 1081 1082 1144
f 1081 1144 1143
f 1082 1083 1145
f 1082 1145 1144
f 1083 1084 1146
f 1083 1146 1145
f 1084 1085 1147
f 1084 1147 1146
f 1085 1086 1148
f 1085 1148 1147
f 1086 1087 1149
f 1086 1149 1148
f 1087 1088 1150
f 1087 1150 1149
f 1088 1089 1151
f 1088 1151 1150
f 1089 1090 1152
f 1089 1152 1151
f 1090 1091 1153
f 1090 1153 1152
f 1091 1092 1154
f 1091 1154 1153
f 1092 1093 1155
f 1092 1155 1154
f 1093 1094 1156
f 1093 1156 1155
f 1094 1095 1157
f 1094 1157 1156
f 1095 1096 1158
f 1095 1158 1157
f 1096 1097 1159
f 1096 1159 1158
f 1097 1098 1160
f 1097 1160 1159
f 1098 1099 1161
f 1098 1161 1160
f 1099 1100 1162
f 1099 1162 1161
f 1100 1101 1163
f 1100 1163 1162
f 1101 1102 1164
f 1101 1164 1163
f 1102 1103 1165
f 1102 1165 1164
f 1103 1104 1166
f 1103 1166 1165
f 1104 1105 1167
f 1104 1167 1166
f 1105 1106 1168
f 1105 1168 1167
f 1106 1107 1169
f 1106 1169 1168
f 1107 1108 1170
f 1107 1170 1169
f 1108 1109 1171
f 1108 1171 1170
f 1109 1110 1172
f 1109 1172 1171
f 1110 1111 1173
f 1110 1173 1172
f 1111 1112 1174
f 1111 1174 1173
f 1112 1113 1175
f 1112 1175 1174
f 1113 1114 1176
f 1113 1176 1175
f 1114 1115 1177
f 1114 1177 1176
f 1115 1116 1178
f 1115 1178 1177
f 1116 1117 1179
f 1116 1179 1178
f 1117 1118 1180
f 1117 1180 1179
f 1119 1120 1182
f 1119 1182 1181
f 1120 1121 1183
f 1120 1183 1182
f 1121 1122 1184
f 1121 1184 1183
f 1122 1123 1185
f 1122 1185 1184
f 1123 1124 1186
f 1123 1186 1185
f 1124 1125 1187
f 1124 1187 1186
f 1125 1126 1188
f 1125 1188 1187
f 1126 1127 1189
f 1126 1189 1188
f 1127 1128 1190
f 1127 1190 1189
f 1128 1129 1191
f 1128 1191 1190
f 1129 1130 1192
f 1129 1192 1191
f 1130 1131 1193
f 1130 1193 1192
f 1131 1132 1194
f 1131 1194 1193
f 1132 1133 1195
f 1132 1195 1194
f 1133 1134 1196
f 1133 1196 1195
f 1134 1135 1197
f 1134 1197 1196
f 1135 1136 1198
f 1135 1198 1197
f 1136 1137 1199
f 1136 1199 1198
f 1137 1138 1200
f 1137 1200 1199
f 1138 1139 1201
f 1138 1201 1200
f 1139 1140 1202
f 1139 1202 1201
f 1140 1141 1203
f 1140 1203 1202
f 1141 1142 1204
f 1141 1204 1203
f 1142 1143 1205
f 1142 1205 1204
f 1143 1144 1206
f 1143 1206 1205
f 1144 1145 1207
f 1144 1207 1206
f 1145 1146 1208
f 1145 1208 1207
f 1146 1147 1209
f 1146 1209 1208
f 1147 1148 1210
f 1147 1210 1209
f 1148 1149 1211
f 1148 1211 1210
f 1149 1150 1212
f 1149 1212 1211
f 1150 1151 1213
f 1150 1213 1212
f 1151 1152 1214
f 1151 1214 1213
f 1152 1153 1215
f 1152 1215 1214
f 1153 1154 1216
f 1153 1216 1215
f 1154 1155 1217
f 1154 1217 1216
f 1155 1156 1218
f 1155 1218 1217
f 1156 1157 1219
f 1156 1219 1218
f 1157 1158 1220
f 1157 1220 1219
f 1158 1159 1221
f 1158 1221 1220
f 1159 1160 1222
f 1159 1222 1221
f 1160 1161 1223
f 1160 1223 1222
f 1161 1162 1224
f 1161 1224 1223
f 1162 1163 1225
f 1162 1225 1224
f 1163 1164 1226
f 1163 1226 1225
f 1164 1165 1227
f 1164 1227 1226
f 1165 1166 1228
f 1165 1228 1227
f 1166 1167 1229
f 1166 1229 1228
f 1167 1168 1230
f 1167 1230 1229
f 1168 1169 1231
f 1168 1231 1230
f 1169 1170 1232
f 1169 1232 1231
f 1170 1171 1233
f 1170 1233 1232
f 1171 1172 1234
f 1171 1234 1233
f 1172 1173 1235
f 1172 1235 1234
f 1173 1174 1236
f 1173 1236 1235
f 1174 1175 1237
f 1174 1237 1236
f 1175 1176 1238
f 1175 1238 1237
f 1176 1177 1239
f 1176 1239 1238
f 1177 1178 1240
f 1177 1240 1239
f 1178 1179 1241
f 1178 1241 1240
f 1179 1180 1242
f 1179 1242 1241
f 1181 1182 1244
f 1181 1244 1243
f 1182 1183 1245
f 1182 1245 1244
f 1183 1184 1246
f 1183 1246 1245
f 1184 1185 1247
f 1184 1247 1246
f 1185 1186 1248
f 1185 1248 1247
f 1186 1187 1249
f 1186 1249 1248
f 1187 1188 1250
f 1187 1250 1249
f 1188 1189 1251
f 1188 1251 1250
f 1189 1190 1252
f 1189 1252 1251
f 1190 1191 1253
f 1190 1253 1252
f 1191 1192 1254
f 1191 1254 1253
f 1192 1193 1255
f 1192 1255 1254
f 1193 1194 1256
f 1193 1256 1255
f 1194 1195 1257
f 1194 1257 1256
f 1195 1196 1258
f 1195 1258 1257
f 1196 1197 1259
f 1196 1259 1258
f 1197 1198 1260
f 1197 1260 1259
f 1198 1199 1261
f 1198 1261 1260
f 1199 1200 1262
f 1199 1262 1261
f 1200 1201 1263
f 1200 1263 1262
f 1201 1202 1264
f 1201 1264 1263
f 1202 1203 1265
f 1202 1265 1264
f 1203 1204 1266
f 1203 1266 1265
f 1204 1205 1267
f 1204 1267 1266
f 1205 1206 1268
f 1205 1268 1267
f 1206 1207 1269
f 1206 1269 1268
f 1207 1208 1270
f 1207 1270 1269
f 1208 1209 1271
f 1208 1271 1270
f 1209 1210 1272
f 1209 1272 1271
f 1210 1211 1273
f 1210 1273 1272
f 1211 1212 1274
f 1211 1274 1273
f 1212 1213 1275
f 1212 1275 1274
f 1213 1214 1276
f 1213 1276 1275
f 1214 1215 1277
f 1214 1277 1276
f 1215 1216 1278
f 1215 1278 1277
f 1216 1217 1279
f 1216 1279 1278
f 1217 1218 1280
f 1217 1280 1279
f 1218 1219 1281
f 1218 1281 1280
f 1219 1220 1282
f 1219 1282 1281
f 1220 1221 1283
f 1220 1283 1282
f 1221 1222 1284
f 1221 1284 1283
f 1222 1223 1285
f 1222 1285 1284
f 1223 1224 1286
f 1223 1286 1285
f 1224 1225 1287
f 1224 1287 1286
f 1225 1226 1288
f 1225 1288 1287
f 1226 1227 1289
f 1226 1289 1288
f 1227 1228 1290
f 1227 1290 1289
f 1228 1229 1291
f 1228 1291 1290
f 1229 1230 1292
f 1229 1292 1291
f 1230 1231 1293
f 1230 1293 1292
f 1231 1232 1294
f 1231 1294 1293
f 1232 1233 1295
f 1232 1295 1294
f 1233 1234 1296
f 1233 1296 1295
f 1234 1235 1297
f 1234 1297 1296
f 1235 1236 1298
f 1235 1298 1297
f 1236 1237 1299
f 1236 1299 1298
f 1237 1238 1300
f 1237 1300 1299
f 1238 1239 1301
f 1238 1301 1300
f 1239 1240 1302
f 1239 1302 1301
f 1240 1241 1303
f 1240 1303 1302
f 1241 1242 1304
f 1241 1304 1303
f 1243 1244 1306
f 1243 1306 1305
f 1244 1245 1307
f 1244 1307 1306
f 1245 1246 1308
f 1245 1308 1307
f 1246 1247 1309
f 1246 1309 1308
f 1247 1248 1310
f 1247 1310 1309
f 1248 1249 1311
f 1248 1311 1310
f 1249 1250 1312
f 1249 1312 1311
f 1250 1251 1313
f 1250 1313 1312
f 1251 1252 1314
f 1251 1314 1313
f 1252 1253 1315
f 1252 1315 1314
f 1253 1254 1316
f 1253 1316 1315
f 1254 1255 1317
f 1254 1317 1316
f 1255 1256 1318
f 1255 1318 1317
f 1256 1257 1319
f 1256 1319 1318
f 1257 1258 1320
f 1257 1320 1319
f 1258 1259 1321
f 1258 1321 1320
f 1259 1260 1322
f 1259 1322 1321
f 1260 1261 1323
f 1260 1323 1322
f 1261 1262 1324
f 1261 1324 1323
f 1262 1263 1325
f 1262 1325 1324
f 1263 1264 1326
f 1263 1326 1325
f 1264 1265 1327
f 1264 1327 1326
f 1265 1266 1328
f 1265 1328 1327
f 1266 1267 1329
f 1266 1329 1328
f 1267 1268 1330
f 1267 1330 1329
f 1268 1269 1331
f 1268 1331 1330
f 1269 1270 1332
f 1269 1332 1331
f 1270 1271 1333
f 1270 1333 1332
f 1271 1272 1334
f 1271 1334 1333
f 1272 1273 1335
f 1272 1335 1334
f 1273 1274 1336
f 1273 1336 1335
f 1274 1275 1337
f 1274 1337 1336
f 1275 1276 1338
f 1275 1338 1337
f 1276 1277 1339
f 1276 1339 1338
f 1277 1278 1340
f 1277 1340 1339
f 1278 1279 1341
f 1278 1341 1340
f 1279 1280 1342
f 1279 1342 1341
f 1280 1281 1343
f 1280 1343 1342
f 1281 1282 1344
f 1281 1344 1343
f 1282 1283 1345
f 1282 1345 1344
f 1283 1284 1346
f 1283 1346 1345
f 1284 1285 1347
f 1284 1347 1346
f 1285 1286 1348
f 1285 1348 1347
f 1286 1287 1349
f 1286 1349 1348
f 1287 1288 1350
f 1287 1350 1349
f 1288 1289 1351
f 1288 1351 1350
f 1289 1290 1352
f 1289 1352 1351
f 1290 1291 1353
f 1290 1353 1352
f 1291 1292 1354
f 1291 1354 1353
f 1292 1293 1355
f 1292 1355 1354
f 1293 1294 1356
f 1293 1356 1355
f 1294 1295 1357
f 1294 1357 1356
f 1295 1296 1358
f 1295 1358 1357
f 1296 1297 1359
f 1296 1359 1358
f 1297 1298 1360
f 1297 1360 1359
f 1298 1299 1361
f 1298 1361 1360
f 1299 1300 1362
f 1299 1362 1361
f 1300 1301 1363
f 1300 1363 1362
f 1301 1302 1364
f 1301 1364 1363
f 1302 1303 1365
f 1302 1365 1364
f 1303 1304 1366
f 1303 1366 1365
f 1305 1306 1368
f 1305 1368 1367
f 1306 1307 1369
f 1306 1369 1368
f 1307 1308 1370
f 1307 1370 1369
f 1308 1309 1371
f 1308 1371 1370
f 1309 1310 1372
f 1309 1372 1371
f 1310 1311 1373
f 1310 1373 1372
f 1311 1312 1374
f 1311 1374 1373
f 1312 1313 1375
f 1312 1375 1374
f 1313 1314 1376
f 1313 1376 1375
f 1314 1315 1377
f 1314 1377 1376
f 1315 1316 1378
f 1315 1378 1377
f 1316 1317 1379
f 1316 1379 1378
f 1317 1318 1380
f 1317 1380 1379
f 1318 1319 1381
f 1318 1381 1380
f 1319 1320 1382
f 1319 1382 1381
f 1320 1321 1383
f 1320 1383 1382
f 1321 1322 1384
f 1321 1384 1383
f 1322 1323 1385
f 1322 1385 1384
f 1323 1324 1386
f 1323 1386 1385
f 1324 1325 1387
f 1324 1387 1386
f 1325 1326 1388
f 1325 1388 1387
f 1326 1327 1389
f 1326 1389 1388
f 1327 1328 1390
f 1327 1390 1389
f 1328 1329 1391
f 1328 1391 1390
f 1329 1330 1392
f 1329 1392 1391
f 1330 1331 1393
f 1330 1393 1392
f 1331 1332 1394
f 1331 1394 1393
f 1332 1333 1395
f 1332 1395 1394
f 1333 1334 1396
f 1333 1396 1395
f 1334 1335 1397
f 1334 1397 1396
f 1335 1336 1398
f 1335 1398 1397
f 1336 1337 1399
f 1336 1399 1398
f 1337 1338 1400
f 1337 1400 1399
f 1338 1339 1401
f 1338 1401 1400
f 1339 1340 1402
f 1339 1402 1401
f 1340 1341 1403
f 1340 1403 1402
f 1341 1342 1404
f 1341 1404 1403
f 1342 1343 1405
f 1342 1405 1404
f 1343 1344 1406
f 1343 1406 1405
f 1344 1345 1407
f 1344 1407 1406
f 1345 1346 1408
f 1345 1408 1407
f 1346 1347 1409
f 1346 1409 1408
f 1347 1348 1410
f 1347 1410 1409
f 1348 1349 1411
f 1348 1411 1410
f 1349 1350 1412
f 1349 1412 1411
f 1350 1351 1413
f 1350 1413 1412
f 1351 1352 1414
f 1351 1414 1413
f 1352 1353 1415
f 1352 1415 1414
f 1353 1354 1416
f 1353 1416 1415
f 1354 1355 1417
f 1354 1417 1416
f 1355 1356 1418
f 1355 1418 1417
f 1356 1357 1419
f 1356 1419 1418
f 1357 1358 1420
f 1357 1420 1419
f 1358 1359 1421
f 1358 1421 1420
f 1359 1360 1422
f 1359 1422 1421
f 1360 1361 1423
f 1360 1423 1422
f 1361 1362 1424
f 1361 1424 1423
f 1362 1363 1425
f 1362 1425 1424
f 1363 1364 1426
f 1363 1426 1425
f 1364 1365 1427
f 1364 1427 1426
f 1365 1366 1428
f 1365 1428 1427
f 1367 1368 1430
f 1367 1430 1429
f 1368 1369 1431
f 1368 1431 1430
f 1369 1370 1432
f 1369 1432 1431
f 1370 1371 1433
f 1370 1433 1432
f 1371 1372 1434
f 1371 1434 1433
f 1372 1373 1435
f 1372 1435 1434
f 1373 1374 1436
f 1373 1436 1435
f 1374 1375 1437
f 1374 1437 1436
f 1375 1376 1438
f 1375 1438 1437
f 1376 1377 1439
f 1376 1439 1438
f 1377 1378 1440
f 1377 1440 1439
f 1378 1379 1441
f 1378 1441 1440
f 1379 1380 1442
f 1379 1442 1441
f 1380 1381 1443
f 1380 1443 1442
f 1381 1382 1444
f 1381 1444 1443
f 1382 1383 1445
f 1382 1445 1444
f 1383 1384 1446
f 1383 1446 1445
f 1384 1385 1447
f 1384 1447 1446
f 1385 1386 1448
f 1385 1448 1447
f 1386 1387 1449
f 1386 1449 1448
f 1387 1388 1450
f 1387 1450 1449
f 1388 1389 1451
f 1388 1451 1450
f 1389 1390 1452
f 1389 1452 1451
f 1390 1391 1453
f 1390 1453 1452
f 1391 1392 1454
f 1391 1454 1453
f 1392 1393 1455
f 1392 1455 1454
f 1393 1394 1456
f 1393 1456 1455
f 1394 1395 1457
f 1394 1457 1456
f 1395 1396 1458
f 1395 1458 1457
f 1396 1397 1459
f 1396 1459 1458
f 1397 1398 1460
f 1397 1460 1459
f 1398 1399 1461
f 1398 1461 1460
f 1399 1400 1462
f 1399 1462 1461
f 1400 1401 1463
f 1400 1463 1462
f 1401 1402 1464
f 1401 1464 1463
f 1402 1403 1465
f 1402 1465 1464
f 1403 1404 1466
f 1403 1466 1465
f 1404 1405 1467
f 1404 1467 1466
f 1405 1406 1468
f 1405 1468 1467
f 1406 1407 1469
f 1406 1469 1468
f 1407 1408 1470
f 1407 1470 1469
f 1408 1409 1471
f 1408 1471 1470
f 1409 1410 1472
f 1409 1472 1471
f 1410 1411 1473
f 1410 1473 1472
f 1411 1412 1474
f 1411 1474 1473
f 1412 1413 1475
f 1412 1475 1474
f 1413 1414 1476
f 1413 1476 1475
f 1414 1415 1477
f 1414 1477 1476
f 1415 1416 1478
f 1415 1478 1477
f 1416 1417 1479
f 1416 1479 1478
f 1417 1418 1480
f 1417 1480 1479
f 1418 1419 1481
f 1418 1481 1480
f 1419 1420 1482
f 1419 1482 1481
f 1420 1421 1483
f 1420 1483 1482
f 1421 1422 1484
f 1421 1484 1483
f 1422 1423 1485
f 1422 1485 1484
f 1423 1424 1486
f 1423 1486 1485
f 1424 1425 1487
f 1424 1487 1486
f 1425 1426 1488
f 1425 1488 1487
f 1426 1427 1489
f 1426 1489 1488
f 1427 1428 1490
f 1427 1490 1489
f 1429 1430 1492
f 1429 1492 1491
f 1430 1431 1493
f 1430 1493 1492
f 1431 1432 1494
f 1431 1494 1493
f 1432 1433 1495
f 1432 1495 1494
f 1433 1434 1496
f 1433 1496 1495
f 1434 1435 1497
f 1434 1497 1496
f 1435 1436 1498
f 1435 1498 1497
f 1436 1437 1499
f 1436 1499 1498
f 1437 1438 1500
f 1437 1500 1499
f 1438 1439 1501
f 1438 1501 1500
f 1439 1440 1502
f 1439 1502 1501
f 1440 1441 1503
f 1440 1503 1502
f 1441 1442 1504
f 1441 1504 1503
f 1442 1443 1505
f 1442 1505 1504
f 1443 1444 1506
f 1443 1506 1505
f 1444 1445 1507
f 1444 1507 1506
f 1445 1446 1508
f 1445 1508 1507
f 1446 1447 1509
f 1446 1509 1508
f 1447 1448 1510
f 1447 1510 1509
f 1448 1449 1511
f 1448 1511 1510
f 1449 1450 1512
f 1449 1512 1511
f 1450 1451 1513
f 1450 1513 1512
f 1451 1452 1514
f 1451 1514 1513
f 1452 1453 1515
f 1452 1515 1514
f 1453 1454 1516
f 1453 1516 1515
f 1454 1455 1517
f 1454 1517 1516
f 1455 1456 1518
f 1455 1518 1517
f 1456 1457 1519
f 1456 1519 1518
f 1457 1458 1520
f 1457 1520 1519
f 1458 1459 1521
f 1458 1521 1520
f 1459 1460 1522
f 1459 1522 1521
f 1460 1461 1523
f 1460 1523 1522
f 1461 1462 1524
f 1461 1524 1523
f 1462 1463 1525
f 1462 1525 1524
f 1463 1464 1526
f 1463 1526 1525
f 1464 1465 1527
f 1464 1527 1526
f 1465 1466 1528
f 1465 1528 1527
f 1466 1467 1529
f 1466 1529 1528
f 1467 1468 1530
f 1467 1530 1529
f 1468 1469 1531
f 1468 1531 1530
f 1469 1470 1532
f 1469 1532 1531
f 1470 1471 1533
f 1470 1533 1532
f 1471 1472 1534
f 1471 1534 1533
f 1472 1473 1535
f 1472 1535 1534
f 1473 1474 1536
f 1473 1536 1535
f 1474 1475 1537
f 1474 1537 1536
f 1475 1476 1538
f 1475 1538 1537
f 1476 1477 1539
f 1476 1539 1538
f 1477 1478 1540
f 1477 1540 1539
f 1478 1479 1541
f 1478 1541 1540
f 1479 1480 1542
f 1479 1542 1541
f 1480 1481 1543
f 1480 1543 1542
f 1481 1482 1544
f 1481 1544 1543
f 1482 1483 1545
f 1482 1545 1544
f 1483 1484 1546
f 1483 1546 1545
f 1484 1485 1547
f 1484 1547 1546
f 1485 1486 1548
f 1485 1548 1547
f 1486 1487 1549
f 1486 1549 1548
f 1487 1488 1550
f 1487 1550 1549
f 1488 1489 1551
f 1488 1551 1550
f 1489 1490 1552
f 1489 1552 1551
f 1491 1492 1554
f 1491 1554 1553
f 1492 1493 1555
f 1492 1555 1554
f 1493 1494 1556
f 1493 1556 1555
f 1494 1495 1557
f 1494 1557 1556
f 1495 1496 1558
f 1495 1558 1557
f 1496 1497 1559
f 1496 1559 1558
f 1497 1498 1560
f 1497 1560 1559
f 1498 1499 1561
f 1498 1561 1560
f 1499 1500 1562
f 1499 1562 1561
f 1500 1501 1563
f 1500 1563 1562
f 1501 1502 1564
f 1501 1564 1563
f 1502 1503 1565
f 1502 1565 1564
f 1503 1504 1566
f 1503 1566 1565
f 1504 1505 1567
f 1504 1567 1566
f 1505 1506 1568
f 1505 1568 1567
f 1506 1507 1569
f 1506 1569 1568
f 1507 1508 1570
f 1507 1570 1569
f 1508 1509 1571
f 1508 1571 1570
f 1509 1510 1572
f 1509 1572 1571
f 1510 1511 1573
f 1510 1573 1572
f 1511 1512 1574
f 1511 1574 1573
f 1512 1513 1575
f 1512 1575 1574
f 1513 1514 1576
f 1513 1576 1575
f 1514 1515 1577
f 1514 1577 1576
f 1515 1516 1578
f 1515 1578 1577
f 1516 1517 1579
f 1516 1579 1578
f 1517 1518 1580
f 1517 1580 1579
f 1518 1519 1581
f 1518 1581 1580
f 1519 1520 1582
f 1519 1582 1581
f 1520 1521 1583
f 1520 1583 1582
f 1521 1522 1584
f 1521 1584 1583
f 1522 1523 1585
f 1522 1585 1584
f 1523 1524 1586
f 1523 1586 1585
f 1524 1525 1587
f 1524 1587 1586
f 1525 1526 1588
f 1525 1588 1587
f 1526 1527 1589
f 1526 1589 1588
f 1527 1528 1590
f 1527 1590 1589
f 1528 1529 1591
f 1528 1591 1590
f 1529 1530 1592
f 1529 1592 1591
f 1530 1531 1593
f 1530 1593 1592
f 1531 1532 1594
f 1531 1594 1593
f 1532 1533 1595
f 1532 1595 1594
f 1533 1534 1596
f 1533 1596 1595
f 1534 1535 1597
f 1534 1597 1596
f 1535 1536 1598
f 1535 1598 1597
f 1536 1537 1599
f 1536 1599 1598
f 1537 1538 1600
f 1537 1600 1599
f 1538 1539 1601
f 1538 1601 1600
f 1539 1540 1602
f 1539 1602 1601
f 1540 1541 1603
f 1540 1603 1602
f 1541 1542 1604
f 1541 1604 1603
f 1542 1543 1605
f 1542 1605 1604
f 1543 1544 1606
f 1543 1606 1605
f 1544 1545 1607
f 1544 1607 1606
f 1545 1546 1608
f 1545 1608 1607
f 1546 1547 1609
f 1546 1609 1608
f 1547 1548 1610
f 1547 1610 1609
f 1548 1549 1611
f 1548 1611 1610
f 1549 1550 1612
f 1549 1612 1611
f 1550 1551 1613
f 1550 1613 1612
f 1551 1552 1614
f 1551 1614 1613
f 1553 1554 1616
f 1553 1616 1615
f 1554 1555 1617
f 1554 1617 1616
f 1555 1556 1618
f 1555 1618 1617
f 1556 1557 1619
f 1556 1619 1618
f 1557 1558 1620
f 1557 1620 1619
f 1558 1559 1621
f 1558 1621 1620
f 1559 1560 1622
f 1559 1622 1621
f 1560 1561 1623
f 1560 1623 1622
f 1561 1562 1624
f 1561 1624 1623
f 1562 1563 1625
f 1562 1625 1624
f 1563 1564 1626
f 1563 1626 1625
f 1564 1565 1627
f 1564 1627 1626
f 1565 1566 1628
f 1565 1628 1627
f 1566 1567 1629
f 1566 1629 1628
f 1567 1568 1630
f 1567 1630 1629
f 1568 1569 1631
f 1568 1631 1630
f 1569 1570 1632
f 1569 1632 1631
f 1570 1571 1633
f 1570 1633 1632
f 1571 1572 1634
f 1571 1634 1633
f 1572 1573 1635
f 1572 1635 1634
f 1573 1574 1636
f 1573 1636 1635
f 1574 1575 1637
f 1574 1637 1636
f 1575 1576 1638
f 1575 1638 1637
f 1576 1577 1639
f 1576 1639 1638
f 1577 1578 1640
f 1577 1640 1639
f 1578 1579 1641
f 1578 1641 1640
f 1579 1580 1642
f 1579 1642 1641
f 1580 1581 1643
f 1580 1643 1642
f 1581 1582 1644
f 1581 1644 1643
f 1582 1583 1645
f 1582 1645 1644
f 1583 1584 1646
f 1583 1646 1645
f 1584 1585 1647
f 1584 1647 1646
f 1585 1586 1648
f 1585 1648 1647
f 1586 1587 1649
f 1586 1649 1648
f 1587 1588 1650
f 1587 1650 1649
f 1588 1589 1651
f 1588 1651 1650
f 1589 1590 1652
f 1589 1652 1651
f 1590 1591 1653
f 1590 1653 1652
f 1591 1592 1654
f 1591 1654 1653
f 1592 1593 1655
f 1592 1655 1654
f 1593 1594 1656
f 1593 1656 1655
f 1594 1595 1657
f 1594 1657 1656
f 1595 1596 1658
f 1595 1658 1657
f 1596 1597 1659
f 1596 1659 1658
f 1597 1598 1660
f 1597 1660 1659
f 1598 1599 1661
f 1598 1661 1660
f 1599 1600 1662
f 1599 1662 1661
f 1600 1601 1663
f 1600 1663 1662
f 1601 1602 1664
f 1601 1664 1663
f 1602 1603 1665
f 1602 1665 1664
f 1603 1604 1666
f 1603 1666 1665
f 1604 1605 1667
f 1604 1667 1666
f 1605 1606 1668
f 1605 1668 1667
f 1606 1607 1669
f 1606 1669 1668
f 1607 1608 1670
f 1607 1670 1669
f 1608 1609 1671
f 1608 1671 1670
f 1609 1610 1672
f 1609 1672 1671
f 1610 1611 1673
f 1610 1673 1672
f 1611 1612 1674
f 1611 1674 1673
f 1612 1613 1675
f 1612 1675 1674
f 1613 1614 1676
f 1613 1676 1675
f 1615 1616 1678
f 1615 1678 1677
f 1616 1617 1679
f 1616 1679 1678
f 1617 1618 1680
f 1617 1680 1679
f 1618 1619 1681
f 1618 1681 1680
f 1619 1620 1682
f 1619 1682 1681
f 1620 1621 1683
f 1620 1683 1682
f 1621 1622 1684
f 1621 1684 1683
f 1622 1623 1685
f 1622 1685 1684
f 1623 1624 1686
f 1623 1686 1685
f 1624 1625 1687
f 1624 1687 1686
f 1625 1626 1688
f 1625 1688 1687
f 1626 1627 1689
f 1626 1689 1688
f 1627 1628 1690
f 1627 1690 1689
f 1628 1629 1691
f 1628 1691 1690
f 1629 1630 1692
f 1629 1692 1691
f 1630 1631 1693
f 1630 1693 1692
f 1631 1632 1694
f 1631 1694 1693
f 1632 1633 1695
f 1632 1695 1694
f 1633 1634 1696
f 1633 1696 1695
f 1634 1635 1697
f 1634 1697 1696
f 1635 1636 1698
f 1635 1698 1697
f 1636 1637 1699
f 1636 1699 1698
f 1637 1638 1700
f 1637 1700 1699
f 1638 1639 1701
f 1638 1701 1700
f 1639 1640 1702
f 1639 1702 1701
f 1640 1641 1703
f 1640 1703 1702
f 1641 1642 1704
f 1641 1704 1703
f 1642 1643 1705
f 1642 1705 1704
f 1643 1644 1706
f 1643 1706 1705
f 1644 1645 1707
f 1644 1707 1706
f 1645 1646 1708
f 1645 1708 1707
f 1646 1647 1709
f 1646 1709 1708
f 1647 1648 1710
f 1647 1710 1709
f 1648 1649 1711
f 1648 1711 1710
f 1649 1650 1712
f 1649 1712 1711
f 1650 1651 1713
f 1650 1713 1712
f 1651 1652 1714
f 1651 1714 1713
f 1652 1653 1715
f 1652 1715 1714
f 1653 1654 1716
f 1653 1716 1715
f 1654 1655 1717
f 1654 1717 1716
f 1655 1656 1718
f 1655 1718 1717
f 1656 1657 1719
f 1656 1719 1718
f 1657 1658 1720
f 1657 1720 1719
f 1658 1659 1721
f 1658 1721 1720
f 1659 1660 1722
f 1659 1722 1721
f 1660 1661 1723
f 1660 1723 1722
f 1661 1662 1724
f 1661 1724 1723
f 1662 1663 1725
f 1662 1725 1724
f 1663 1664 1726
f 1663 1726 1725
f 1664 1665 1727
f 1664 1727 1726
f 1665 1666 1728
f 1665 1728 1727
f 1666 1667 1729
f 1666 1729 1728
f 1667 1668 1730
f 1667 1730 1729
f 1668 1669 1731
f 1668 1731 1730
f 1669 1670 1732
f 1669 1732 1731
f 1670 1671 1733
f 1670 1733 1732
f 1671 1672 1734
f 1671 1734 1733
f 1672 1673 1735
f 1672 1735 1734
f 1673 1674 1736
f 1673 1736 1735
f 1674 1675 1737
f 1674 1737 1736
f 1675 1676 1738
f 1675 1738 1737
f 1677 1678 1740
f 1677 1740 1739
f 1678 1679 1741
f 1678 1741 1740
f 1679 1680 1742
f 1679 1742 1741
f 1680 1681 1743
f 1680 1743 1742
f 1681 1682 1744
f 1681 1744 1743
f 1682 1683 1745
f 1682 1745 1744
f 1683 1684 1746
f 1683 1746 1745
f 1684 1685 1747
f 1684 1747 1746
f 1685 1686 1748
f 1685 1748 1747
f 1686 1687 1749
f 1686 1749 1748
f 1687 1688 1750
f 1687 1750 1749
f 1688 1689 1751
f 1688 1751 1750
f 1689 1690 1752
f 1689 1752 1751
f 1690 1691 1753
f 1690 1753 1752
f 1691 1692 1754
f 1691 1754 1753
f 1692 1693 1755
f 1692 1755 1754
f 1693 1694 1756
f 1693 1756 1755
f 1694 1695 1757
f 1694 1757 1756
f 1695 1696 1758
f 1695 1758 1757
f 1696 1697 1759
f 1696 1759 1758
f 1697 1698 1760
f 1697 1760 1759
f 1698 1699 1761
f 1698 1761 1760
f 1699 1700 1762
f 1699 1762 1761
f 1700 1701 1763
f 1700 1763 1762
f 1701 1702 1764
f 1701 1764 1763
f 1702 1703 1765
f 1702 1765 1764
f 1703 1704 1766
f 1703 1766 1765
f 1704 1705 1767
f 1704 1767 1766
f 1705 1706 1768
f 1705 1768 1767
f 1706 1707 1769
f 1706 1769 1768
f 1707 1708 1770
f 1707 1770 1769
f 1708 1709 1771
f 1708 1771 1770
f 1709 1710 1772
f 1709 1772 1771
f 1710 1711 1773
f 1710 1773 1772
f 1711 1712 1774
f 1711 1774 1773
f 1712 1713 1775
f 1712 1775 1774
f 1713 1714 1776
f 1713 1776 1775
f 1714 1715 1777
f 1714 1777 1776
f 1715 1716 1778
f 1715 1778 1777
f 1716 1717 1779
f 1716 1779 1778
f 1717 1718 1780
f 1717 1780 1779
f 1718 1719 1781
f 1718 1781 1780
f 1719 1720 1782
f 1719 1782 1781
f 1720 1721 1783
f 1720 1783 1782
f 1721 1722 1784
f 1721 1784 1783
f 1722 1723 1785
f 1722 1785 1784
f 1723 1724 1786
f 1723 1786 1785
f 1724 1725 1787
f 1724 1787 1786
f 1725 1726 1788
f 1725 1788 1787
f 1726 1727 1789
f 1726 1789 1788
f 1727 1728 1790
f 1727 1790 1789
f 1728 1729 1791
f 1728 1791 1790
f 1729 1730 1792
f 1729 1792 1791
f 1730 1731 1793
f 1730 1793 1792
f 1731 1732 1794
f 1731 1794 1793
f 1732 1733 1795
f 1732 1795 1794
f 1733 1734 1796
f 1733 1796 1795
f 1734 1735 1797
f 1734 1797 1796
f 1735 1736 1798
f 1735 1798 1797
f 1736 1737 1799
f 1736 1799 1798
f 1737 1738 1800
f 1737 1800 1799
f 1739 1740 1802
f 1739 1802 1801
f 1740 1741 1803
f 1740 1803 1802
f 1741 1742 1804
f 1741 1804 1803
f 1742 1743 1805
f 1742 1805 1804
f 1743 1744 1806
f 1743 1806 1805
f 1744 1745 1807
f 1744 1807 1806
f 1745 1746 1808
f 1745 1808 1807
f 1746 1747 1809
f 1746 1809 1808
f 1747 1748 1810
f 1747 1810 1809
f 1748 1749 1811
f 1748 1811 1810
f 1749 1750 1812
f 1749 1812 1811
f 1750 1751 1813
f 1750 1813 1812
f 1751 1752 1814
f 1751 1814 1813
f 1752 1753 1815
f 1752 1815 1814
f 1753 1754 1816
f 1753 1816 1815
f 1754 1755 1817
f 1754 1817 1816
f 1755 1756 1818
f 1755 1818 1817
f 1756 1757 1819
f 1756 1819 1818
f 1757 1758 1820
f 1757 1820 1819
f 1758 1759 1821
f 1758 1821 1820
f 1759 1760 1822
f 1759 1822 1821
f 1760 1761 1823
f 1760 1823 1822
f 1761 1762 1824
f 1761 1824 1823
f 1762 1763 1825
f 1762 1825 1824
f 1763 1764 1826
f 1763 1826 1825
f 1764 1765 1827
f 1764 1827 1826
f 1765 1766 1828
f 1765 1828 1827
f 1766 1767 1829
f 1766 1829 1828
f 1767 1768 1830
f 1767 1830 1829
f 1768 1769 1831
f 1768 1831 1830
f 1769 1770 1832
f 1769 1832 1831
f 1770 1771 1833
f 1770 1833 1832
f 1771 1772 1834
f 1771 1834 1833
f 1772 1773 1835
f 1772 1835 1834
f 1773 1774 1836
f 1773 1836 1835
f 1774 1775 1837
f 1774 1837 1836
f 1775 1776 1838
f 1775 1838 1837
f 1776 1777 1839
f 1776 1839 1838
f 1777 1778 1840
f 1777 1840 1839
f 1778 1779 1841
f 1778 1841 1840
f 1779 1780 1842
f 1779 1842 1841
f 1780 1781 1843
f 1780 1843 1842
f 1781 1782 1844
f 1781 1844 1843
f 1782 1783 1845
f 1782 1845 1844
f 1783 1784 1846
f 1783 1846 1845
f 1784 1785 1847
f 1784 1847 1846
f 1785 1786 1848
f 1785 1848 1847
f 1786 1787 1849
f 1786 1849 1848
f 1787 1788 1850
f 1787 1850 1849
f 1788 1789 1851
f 1788 1851 1850
f 1789 1790 1852
f 1789 1852 1851
f 1790 1791 1853
f 1790 1853 1852
f 1791 1792 1854
f 1791 1854 1853
f 1792 1793 1855
f 1792 1855 1854
f 1793 1794 1856
f 1793 1856 1855
f 1794 1795 1857
f 1794 1857 1856
f 1795 1796 1858
f 1795 1858 1857
f 1796 1797 1859
f 1796 1859 1858
f 1797 1798 1860
f 1797 1860 1859
f 1798 1799 1861
f 1798 1861 1860
f 1799 1800 1862
f 1799 1862 1861
f 1801 1802 1864
f 1801 1864 1863
f 1802 1803 1865
f 1802 1865 1864
f 1803 1804 1866
f 1803 1866 1865
f 1804 1805 1867
f 1804 1867 1866
f 1805 1806 1868
f 1805 1868 1867
f 1806 1807 1869
f 1806 1869 1868
f 1807 1808 1870
f 1807 1870 1869
f 1808 1809 1871
f 1808 1871 1870
f 1809 1810 1872
f 1809 1872 1871
f 1810 1811 1873
f 1810 1873 1872
f 1811 1812 1874
f 1811 1874 1873
f 1812 1813 1875
f 1812 1875 1874
f 1813 1814 1876
f 1813 1876 1875
f 1814 1815 1877
f 1814 1877 1876
f 1815 1816 1878
f 1815 1878 1877
f 1816 1817 1879
f 1816 1879 1878
f 1817 1818 1880
f 1817 1880 1879
f 1818 1819 1881
f 1818 1881 1880
f 1819 1820 1882
f 1819 1882 1881
f 1820 1821 1883
f 1820 1883 1882
f 1821 1822 1884
f 1821 1884 1883
f 1822 1823 1885
f 1822 1885 1884
f 1823 1824 1886
f 1823 1886 1885
f 1824 1825 1887
f 1824 1887 1886
f 1825 1826 1888
f 1825 1888 1887
f 1826 1827 1889
f 1826 1889 1888
f 1827 1828 1890
f 1827 1890 1889
f 1828 1829 1891
f 1828 1891 1890
f 1829 1830 1892
f 1829 1892 1891
f 1830 1831 1893
f 1830 1893 1892
f 1831 1832 1894
f 1831 1894 1893
f 1832 1833 1895
f 1832 1895 1894
f 1833 1834 1896
f 1833 1896 1895
f 1834 1835 1897
f 1834 1897 1896
f 1835 1836 1898
f 1835 1898 1897
f 1836 1837 1899
f 1836 1899 1898
f 1837 1838 1900
f 1837 1900 1899
f 1838 1839 1901
f 1838 1901 1900
f 1839 1840 1902
f 1839 1902 1901
f 1840 1841 1903
f 1840 1903 1902
f 1841 1842 1904
f 1841 1904 1903
f 1842 1843 1905
f 1842 1905 1904
f 1843 1844 1906
f 1843 1906 1905
f 1844 1845 1907
f 1844 1907 1906
f 1845 1846 1908
f 1845 1908 1907
f 1846 1847 1909
f 1846 1909 1908
f 1847 1848 1910
f 1847 1910 1909
f 1848 1849 1911
f 1848 1911 1910
f 1849 1850 1912
f 1849 1912 1911
f 1850 1851 1913
f 1850 1913 1912
f 1851 1852 1914
f 1851 1914 1913
f 1852 1853 1915
f 1852 1915 1914
f 1853 1854 1916
f 1853 1916 1915
f 1854 1855 1917
f 1854 1917 1916
f 1855 1856 1918
f 1855 1918 1917
f 1856 1857 1919
f 1856 1919 1918
f 1857 1858 1920
f 1857 1920 1919
f 1858 1859 1921
f 1858 1921 1920
f 1859 1860 1922
f 1859 1922 1921
f 1860 1861 1923
f 1860 1923 1922
f 1861 1862 1924
f 1861 1924 1923
f 1863 1864 1926
f 1863 1926 1925
f 1864 1865 1927
f 1864 1927 1926
f 1865 1866 1928
f 1865 1928 1927
f 1866 1867 1929
f 1866 1929 1928
f 1867 1868 1930
f 1867 1930 1929
f 1868 1869 1931
f 1868 1931 1930
f 1869 1870 1932
f 1869 1932 1931
f 1870 1871 1933
f 1870 1933 1932
f 1871 1872 1934
f 1871 1934 1933
f 1872 1873 1935
f 1872 1935 1934
f 1873 1874 1936
f 1873 1936 1935
f 1874 1875 1937
f 1874 1937 1936
f 1875 1876 1938
f 1875 1938 1937
f 1876 1877 1939
f 1876 1939 1938
f 1877 1878 1940
f 1877 1940 1939
f 1878 1879 1941
f 1878 1941 1940
f 1879 1880 1942
f 1879 1942 1941
f 1880 1881 1943
f 1880 1943 1942
f 1881 1882 1944
f 1881 1944 1943
f 1882 1883 1945
f 1882 1945 1944
f 1883 1884 1946
f 1883 1946 1945
f 1884 1885 1947
f 1884 1947 1946
f 1885 1886 1948
f 1885 1948 1947
f 1886 1887 1949
f 1886 1949 1948
f 1887 1888 1950
f 1887 1950 1949
f 1888 1889 1951
f 1888 1951 1950
f 1889 1890 1952
f 1889 1952 1951
f 1890 1891 1953
f 1890 1953 1952
f 1891 1892 1954
f 1891 1954 1953
f 1892 1893 1955
f 1892 1955 1954
f 1893 1894 1956
f 1893 1956 1955
f 1894 1895 1957
f 1894 1957 1956
f 1895 1896 1958
f 1895 1958 1957
f 1896 1897 1959
f 1896 1959 1958
f 1897 1898 1960
f 1897 1960 1959
f 1898 1899 1961
f 1898 1961 1960
f 1899 1900 1962
f 1899 1962 1961
f 1900 1901 1963
f 1900 1963 1962
f 1901 1902 1964
f 1901 1964 1963
f 1902 1903 1965
f 1902 1965 1964
f 1903 1904 1966
f 1903 1966 1965
f 1904 1905 1967
f 1904 1967 1966
f 1905 1906 1968
f 1905 1968 1967
f 1906 1907 1969
f 1906 1969 1968
f 1907 1908 1970
f 1907 1970 1969
f 1908 1909 1971
f 1908 1971 1970
f 1909 1910 1972
f 1909 1972 1971
f 1910 1911 1973
f 1910 1973 1972
f 1911 1912 1974
f 1911 1974 1973
f 1912 1913 1975
f 1912 1975 1974
f 1913 1914 1976
f 1913 1976 1975
f 1914 1915 1977
f 1914 1977 1976
f 1915 1916 1978
f 1915 1978 1977
f 1916 1917 1979
f 1916 1979 1978
f 1917 1918 1980
f 1917 1980 1979
f 1918 1919 1981
f 1918 1981 1980
f 1919 1920 1982
f 1919 1982 1981
f 1920 1921 1983
f 1920 1983 1982
f 1921 1922 1984
f 1921 1984 1983
f 1922 1923 1985
f 1922 1985 1984
f 1923 1924 1986
f 1923 1986 1985
f 1925 1926 1988
f 1925 1988 1987
f 1926 1927 1989
f 1926 1989 1988
f 1927 1928 1990
f 1927 1990 1989
f 1928 1929 1991
f 1928 1991 1990
f 1929 1930 1992
f 1929 1992 1991
f 1930 1931 1993
f 1930 1993 1992
f 1931 1932 1994
f 1931 1994 1993
f 1932 1933 1995
f 1932 1995 1994
f 1933 1934 1996
f 1933 1996 1995
f 1934 1935 1997
f 1934 1997 1996
f 1935 1936 1998
f 1935 1998 1997
f 1936 1937 1999
f 1936 1999 1998
f 1937 1938 2000
f 1937 2000 1999
f 1938 1939 2001
f 1938 2001 2000
f 1939 1940 2002
f 1939 2002 2001
f 1940 1941 2003
f 1940 2003 2002
f 1941 1942 2004
f 1941 2004 2003
f 1942 1943 2005
f 1942 2005 2004
f 1943 1944 2006
f 1943 2006 2005
f 1944 1945 2007
f 1944 2007 2006
f 1945 1946 2008
f 1945 2008 2007
f 1946 1947 2009
f 1946 2009 2008
f 1947 1948 2010
f 1947 2010 2009
f 1948 1949 2011
f 1948 2011 2010
f 1949 1950 2012
f 1949 2012 2011
f 1950 1951 2013
f 1950 2013 2012
f 1951 1952 2014
f 1951 2014 2013
f 1952 1953 2015
f 1952 2015 2014
f 1953 1954 2016
f 1953 2016 2015
f 1954 1955 2017
f 1954 2017 2016
f 1955 1956 2018
f 1955 2018 2017
f 1956 1957 2019
f 1956 2019 2018
f 1957 1958 2020
f 1957 2020 2019
f 1958 1959 2021
f 1958 2021 2020
f 1959 1960 2022
f 1959 2022 2021
f 1960 1961 2023
f 1960 2023 2022
f 1961 1962 2024
f 1961 2024 2023
f 1962 1963 2025
f 1962 2025 2024
f 1963 1964 2026
f 1963 2026 2025
f 1964 1965 2027
f 1964 2027 2026
f 1965 1966 2028
f 1965 2028 2027
f 1966 1967 2029
f 1966 2029 2028
f 1967 1968 2030
f 1967 2030 2029
f 1968 1969 2031
f 1968 2031 2030
f 1969 1970 2032
f 1969 2032 2031
f 1970 1971 2033
f 1970 2033 2032
f 1971 1972 2034
f 1971 2034 2033
f 1972 1973 2035
f 1972 2035 2034
f 1973 1974 2036
f 1973 2036 2035
f 1974 1975 2037
f 1974 2037 2036
f 1975 1976 2038
f 1975 2038 2037
f 1976 1977 2039
f 1976 2039 2038
f 1977 1978 2040
f 1977 2040 2039
f 1978 1979 2041
f 1978 2041 2040
f 1979 1980 2042
f 1979 2042 2041
f 1980 1981 2043
f 1980 2043 2042
f 1981 1982 2044
f 1981 2044 2043
f 1982 1983 2045
f 1982 2045 2044
f 1983 1984 2046
f 1983 2046 2045
f 1984 1985 2047
f 1984 2047 2046
f 1985 1986 2048
f 1985 2048 2047
f 1987 1988 2050
f 1987 2050 2049
f 1988 1989 2051
f 1988 2051 2050
f 1989 1990 2052
f 1989 2052 2051
f 1990 1991 2053
f 1990 2053 2052
f 1991 1992 2054
f 1991 2054 2053
f 1992 1993 2055
f 1992 2055 2054
f 1993 1994 2056
f 1993 2056 2055
f 1994 1995 2057
f 1994 2057 2056
f 1995 1996 2058
f 1995 2058 2057
f 1996 1997 2059
f 1996 2059 2058
f 1997 1998 2060
f 1997 2060 2059
f 1998 1999 2061
f 1998 2061 2060
f 1999 2000 2062
f 1999 2062 2061
f 2000 2001 2063
f 2000 2063 2062
f 2001 2002 2064
f 2001 2064 2063
f 2002 2003 2065
f 2002 2065 2064
f 2003 2004 2066
f 2003 2066 2065
f 2004 2005 2067
f 2004 2067 2066
f 2005 2006 2068
f 2005 2068 2067
f 2006 2007 2069
f 2006 2069 2068
f 2007 2008 2070
f 2007 2070 2069
f 2008 2009 2071
f 2008 2071 2070
f 2009 2010 2072
f 2009 2072 2071
f 2010 2011 2073
f 2010 2073 2072
f 2011 2012 2074
f 2011 2074 2073
f 2012 2013 2075
f 2012 2075 2074
f 2013 2014 2076
f 2013 2076 2075
f 2014 2015 2077
f 2014 2077 2076
f 2015 2016 2078
f 2015 2078 2077
f 2016 2017 2079
f 2016 2079 2078
f 2017 2018 2080
f 2017 2080 2079
f 2018 2019 2081
f 2018 2081 2080
f 2019 2020 2082
f 2019 2082 2081
f 2020 2021 2083
f 2020 2083 2082
f 2021 2022 2084
f 2021 2084 2083
f 2022 2023 2085
f 2022 2085 2084
f 2023 2024 2086
f 2023 2086 2085
f 2024 2025 2087
f 2024 2087 2086
f 2025 2026 2088
f 2025 2088 2087
f 2026 2027 2089
f 2026 2089 2088
f 2027 2028 2090
f 2027 2090 2089
f 2028 2029 2091
f 2028 2091 2090
f 2029 2030 2092
f 2029 2092 2091
f 2030 2031 2093
f 2030 2093 2092
f 2031 2032 2094
f 2031 2094 2093
f 2032 2033 2095
f 2032 2095 2094
f 2033 2034 2096
f 2033 2096 2095
f 2034 2035 2097
f 2034 2097 2096
f 2035 2036 2098
f 2035 2098 2097
f 2036 2037 2099
f 2036 2099 2098
f 2037 2038 2100
f 2037 2100 2099
f 2038 2039 2101
f 2038 2101 2100
f 2039 2040 2102
f 2039 2102 2101
f 2040 2041 2103
f 2040 2103 2102
f 2041 2042 2104
f 2041 2104 2103
f 2042 2043 2105
f 2042 2105 2104
f 2043 2044 2106
f 2043 2106 2105
f 2044 2045 2107
f 2044 2107 2106
f 2045 2046 2108
f 2045 2108 2107
f 2046 2047 2109
f 2046 2109 2108
f 2047 2048 2110
f 2047 2110 2109
f 2049 2050 2112
f 2049 2112 2111
f 2050 2051 2113
f 2050 2113 2112
f 2051 2052 2114
f 2051 2114 2113
f 2052 2053 2115
f 2052 2115 2114
f 2053 2054 2116
f 2053 2116 2115
f 2054 2055 2117
f 2054 2117 2116
f 2055 2056 2118
f 2055 2118 2117
f 2056 2057 2119
f 2056 2119 2118
f 2057 2058 2120
f 2057 2120 2119
f 2058 2059 2121
f 2058 2121 2120
f 2059 2060 2122
f 2059 2122 2121
f 2060 2061 2123
f 2060 2123 2122
f 2061 2062 2124
f 2061 2124 2123
f 2062 2063 2125
f 2062 2125 2124
f 2063 2064 2126
f 2063 2126 2125
f 2064 2065 2127
f 2064 2127 2126
f 2065 2066 2128
f 2065 2128 2127
f 2066 2067 2129
f 2066 2129 2128
f 2067 2068 2130
f 2067 2130 2129
f 2068 2069 2131
f 2068 2131 2130
f 2069 2070 2132
f 2069 2132 2131
f 2070 2071 2133
f 2070 2133 2132
f 2071 2072 2134
f 2071 2134 2133
f 2072 2073 2135
f 2072 2135 2134
f 2073 2074 2136
f 2073 2136 2135
f 2074 2075 2137
f 2074 2137 2136
f 2075 2076 2138
f 2075 2138 2137
f 2076 2077 2139
f 2076 2139 2138
f 2077 2078 2140
f 2077 2140 2139
f 2078 2079 2141
f 2078 2141 2140
f 2079 2080 2142
f 2079 2142 2141
f 2080 2081 2143
f 2080 2143 2142
f 2081 2082 2144
f 2081 2144 2143
f 2082 2083 2145
f 2082 2145 2144
f 2083 2084 2146
f 2083 2146 2145
f 2084 2085 2147
f 2084 2147 2146
f 2085 2086 2148
f 2085 2148 2147
f 2086 2087 2149
f 2086 2149 2148
f 2087 2088 2150
f 2087 2150 2149
f 2088 2089 2151
f 2088 2151 2150
f 2089 2090 2152
f 2089 2152 2151
f 2090 2091 2153
f 2090 2153 2152
f 2091 2092 2154
f 2091 2154 2153
f 2092 2093 2155
f 2092 2155 2154
f 2093 2094 2156
f 2093 2156 2155
f 2094 2095 2157
f 2094 2157 2156
f 2095 2096 2158
f 2095 2158 2157
f 2096 2097 2159
f 2096 2159 2158
f 2097 2098 2160
f 2097 2160 2159
f 2098 2099 2161
f 2098 2161 2160
f 2099 2100 2162
f 2099 2162 2161
f 2100 2101 2163
f 2100 2163 2162
f 2101 2102 2164
f 2101 2164 2163
f 2102 2103 2165
f 2102 2165 2164
f 2103 2104 2166
f 2103 2166 2165
f 2104 2105 2167
f 2104 2167 2166
f 2105 2106 2168
f 2105 2168 2167
f 2106 2107 2169
f 2106 2169 2168
f 2107 2108 2170
f 2107 2170 2169
f 2108 2109 2171
f 2108 2171 2170
f 2109 2110 2172
f 2109 2172 2171
f 2111 2112 2174
f 2111 2174 2173
f 2112 2113 2175
f 2112 2175 2174
f 2113 2114 2176
f 2113 2176 2175
f 2114 2115 2177
f 2114 2177 2176
f 2115 2116 2178
f 2115 2178 2177
f 2116 2117 2179
f 2116 2179 2178
f 2117 2118 2180
f 2117 2180 2179
f 2118 2119 2181
f 2118 2181 2180
f 2119 2120 2182
f 2119 2182 2181
f 2120 2121 2183
f 2120 2183 2182
f 2121 2122 2184
f 2121 2184 2183
f 2122 2123 2185
f 2122 2185 2184
f 2123 2124 2186
f 2123 2186 2185
f 2124 2125 2187
f 2124 2187 2186
f 2125 2126 2188
f 2125 2188 2187
f 2126 2127 2189
f 2126 2189 2188
f 2127 2128 2190
f 2127 2190 2189
f 2128 2129 2191
f 2128 2191 2190
f 2129 2130 2192
f 2129 2192 2191
f 2130 2131 2193
f 2130 2193 2192
f 2131 2132 2194
f 2131 2194 2193
f 2132 2133 2195
f 2132 2195 2194
f 2133 2134 2196
f 2133 2196 2195
f 2134 2135 2197
f 2134 2197 2196
f 2135 2136 2198
f 2135 2198 2197
f 2136 2137 2199
f 2136 2199 2198
f 2137 2138 2200
f 2137 2200 2199
f 2138 2139 2201
f 2138 2201 2200
f 2139 2140 2202
f 2139 2202 2201
f 2140 2141 2203
f 2140 2203 2202
f 2141 2142 2204
f 2141 2204 2203
f 2142 2143 2205
f 2142 2205 2204
f 2143 2144 2206
f 2143 2206 2205
f 2144 2145 2207
f 2144 2207 2206
f 2145 2146 2208
f 2145 2208 2207
f 2146 2147 2209
f 2146 2209 2208
f 2147 2148 2210
f 2147 2210 2209
f 2148 2149 2211
f 2148 2211 2210
f 2149 2150 2212
f 2149 2212 2211
f 2150 2151 2213
f 2150 2213 2212
f 2151 2152 2214
f 2151 2214 2213
f 2152 2153 2215
f 2152 2215 2214
f 2153 2154 2216
f 2153 2216 2215
f 2154 2155 2217
f 2154 2217 2216
f 2155 2156 2218
f 2155 2218 2217
f 2156 2157 2219
f 2156 2219 2218
f 2157 2158 2220
f 2157 2220 2219
f 2158 2159 2221
f 2158 2221 2220
f 2159 2160 2222
f 2159 2222 2221
f 2160 2161 2223
f 2160 2223 2222
f 2161 2162 2224
f 2161 2224 2223
f 2162 2163 2225
f 2162 2225 2224
f 2163 2164 2226
f 2163 2226 2225
f 2164 2165 2227
f 2164 2227 2226
f 2165 2166 2228
f 2165 2228 2227
f 2166 2167 2229
f 2166 2229 2228
f 2167 2168 2230
f 2167 2230 2229
f 2168 2169 2231
f 2168 2231 2230
f 2169 2170 2232
f 2169 2232 2231
f 2170 2171 2233
f 2170 2233 2232
f 2171 2172 2234
f 2171 2234 2233
f 2173 2174 2236
f 2173 2236 2235
f 2174 2175 2237
f 2174 2237 2236
f 2175 2176 2238
f 2175 2238 2237
f 2176 2177 2239
f 2176 2239 2238
f 2177 2178 2240
f 2177 2240 2239
f 2178 2179 2241
f 2178 2241 2240
f 2179 2180 2242
f 2179 2242 2241
f 2180 2181 2243
f 2180 2243 2242
f 2181 2182 2244
f 2181 2244 2243
f 2182 2183 2245
f 2182 2245 2244
f 2183 2184 2246
f 2183 2246 2245
f 2184 2185 2247
f 2184 2247 2246
f 2185 2186 2248
f 2185 2248 2247
f 2186 2187 2249
f 2186 2249 2248
f 2187 2188 2250
f 2187 2250 2249
f 2188 2189 2251
f 2188 2251 2250
f 2189 2190 2252
f 2189 2252 2251
f 2190 2191 2253
f 2190 2253 2252
f 2191 2192 2254
f 2191 2254 2253
f 2192 2193 2255
f 2192 2255 2254
f 2193 2194 2256
f 2193 2256 2255
f 2194 2195 2257
f 2194 2257 2256
f 2195 2196 2258
f 2195 2258 2257
f 2196 2197 2259
f 2196 2259 2258
f 2197 2198 2260
f 2197 2260 2259
f 2198 2199 2261
f 2198 2261 2260
f 2199 2200 2262
f 2199 2262 2261
f 2200 2201 2263
f 2200 2263 2262
f 2201 2202 2264
f 2201 2264 2263
f 2202 2203 2265
f 2202 2265 2264
f 2203 2204 2266
f 2203 2266 2265
f 2204 2205 2267
f 2204 2267 2266
f 2205 2206 2268
f 2205 2268 2267
f 2206 2207 2269
f 2206 2269 2268
f 2207 2208 2270
f 2207 2270 2269
f 2208 2209 2271
f 2208 2271 2270
f 2209 2210 2272
f 2209 2272 2271
f 2210 2211 2273
f 2210 2273 2272
f 2211 2212 2274
f 2211 2274 2273
f 2212 2213 2275
f 2212 2275 2274
f 2213 2214 2276
f 2213 2276 2275
f 2214 2215 2277
f 2214 2277 2276
f 2215 2216 2278
f 2215 2278 2277
f 2216 2217 2279
f 2216 2279 2278
f 2217 2218 2280
f 2217 2280 2279
f 2218 2219 2281
f 2218 2281 2280
f 2219 2220 2282
f 2219 2282 2281
f 2220 2221 2283
f 2220 2283 2282
f 2221 2222 2284
f 2221 2284 2283
f 2222 2223 2285
f 2222 2285 2284
f 2223 2224 2286
f 2223 2286 2285
f 2224 2225 2287
f 2224 2287 2286
f 2225 2226 2288
f 2225 2288 2287
f 2226 2227 2289
f 2226 2289 2288
f 2227 2228 2290
f 2227 2290 2289
f 2228 2229 2291
f 2228 2291 2290
f 2229 2230 2292
f 2229 2292 2291
f 2230 2231 2293
f 2230 2293 2292
f 2231 2232 2294
f 2231 2294 2293
f 2232 2233 2295
f 2232 2295 2294
f 2233 2234 2296
f 2233 2296 2295
f 2235 2236 2298
f 2235 2298 2297
f 2236 2237 2299
f 2236 2299 2298
f 2237 2238 2300
f 2237 2300 2299
f 2238 2239 2301
f 2238 2301 2300
f 2239 2240 2302
f 2239 2302 2301
f 2240 2241 2303
f 2240 2303 2302
f 2241 2242 2304
f 2241 2304 2303
f 2242 2243 2305
f 2242 2305 2304
f 2243 2244 2306
f 2243 2306 2305
f 2244 2245 2307
f 2244 2307 2306
f 2245 2246 2308
f 2245 2308 2307
f 2246 2247 2309
f 2246 2309 2308
f 2247 2248 2310
f 2247 2310 2309
f 2248 2249 2311
f 2248 2311 2310
f 2249 2250 2312
f 2249 2312 2311
f 2250 2251 2313
f 2250 2313 2312
f 2251 2252 2314
f 2251 2314 2313
f 2252 2253 2315
f 2252 2315 2314
f 2253 2254 2316
f 2253 2316 2315
f 2254 2255 2317
f 2254 2317 2316
f 2255 2256 2318
f 2255 2318 2317
f 2256 2257 2319
f 2256 2319 2318
f 2257 2258 2320
f 2257 2320 2319
f 2258 2259 2321
f 2258 2321 2320
f 2259 2260 2322
f 2259 2322 2321
f 2260 2261 2323
f 2260 2323 2322
f 2261 2262 2324
f 2261 2324 2323
f 2262 2263 2325
f 2262 2325 2324
f 2263 2264 2326
f 2263 2326 2325
f 2264 2265 2327
f 2264 2327 2326
f 2265 2266 2328
f 2265 2328 2327
f 2266 2267 2329
f 2266 2329 2328
f 2267 2268 2330
f 2267 2330 2329
f 2268 2269 2331
f 2268 2331 2330
f 2269 2270 2332
f 2269 2332 2331
f 2270 2271 2333
f 2270 2333 2332
f 2271 2272 2334
f 2271 2334 2333
f 2272 2273 2335
f 2272 2335 2334
f 2273 2274 2336
f 2273 2336 2335
f 2274 2275 2337
f 2274 2337 2336
f 2275 2276 2338
f 2275 2338 2337
f 2276 2277 2339
f 2276 2339 2338
f 2277 2278 2340
f 2277 2340 2339
f 2278 2279 2341
f 2278 2341 2340
f 2279 2280 2342
f 2279 2342 2341
f 2280 2281 2343
f 2280 2343 2342
f 2281 2282 2344
f 2281 2344 2343
f 2282 2283 2345
f 2282 2345 2344
f 2283 2284 2346
f 2283 2346 2345
f 2284 2285 2347
f 2284 2347 2346
f 2285 2286 2348
f 2285 2348 2347
f 2286 2287 2349
f 2286 2349 2348
f 2287 2288 2350
f 2287 2350 2349
f 2288 2289 2351
f 2288 2351 2350
f 2289 2290 2352
f 2289 2352 2351
f 2290 2291 2353
f 2290 2353 2352
f 2291 2292 2354
f 2291 2354 2353
f 2292 2293 2355
f 2292 2355 2354
f 2293 2294 2356
f 2293 2356 2355
f 2294 2295 2357
f 2294 2357 2356
f 2295 2296 2358
f 2295 2358 2357
f 2297 2298 2360
f 2297 2360 2359
f 2298 2299 2361
f 2298 2361 2360
f 2299 2300 2362
f 2299 2362 2361
f 2300 2301 2363
f 2300 2363 2362
f 2301 2302 2364
f 2301 2364 2363
f 2302 2303 2365
f 2302 2365 2364
f 2303 2304 2366
f 2303 2366 2365
f 2304 2305 2367
f 2304 2367 2366
f 2305 2306 2368
f 2305 2368 2367
f 2306 2307 2369
f 2306 2369 2368
f 2307 2308 2370
f 2307 2370 2369
f 2308 2309 2371
f 2308 2371 2370
f 2309 2310 2372
f 2309 2372 2371
f 2310 2311 2373
f 2310 2373 2372
f 2311 2312 2374
f 2311 2374 2373
f 2312 2313 2375
f 2312 2375 2374
f 2313 2314 2376
f 2313 2376 2375
f 2314 2315 2377
f 2314 2377 2376
f 2315 2316 2378
f 2315 2378 2377
f 2316 2317 2379
f 2316 2379 2378
f 2317 2318 2380
f 2317 2380 2379
f 2318 2319 2381
f 2318 2381 2380
f 2319 2320 2382
f 2319 2382 2381
f 2320 2321 2383
f 2320 2383 2382
f 2321 2322 2384
f 2321 2384 2383
f 2322 2323 2385
f 2322 2385 2384
f 2323 2324 2386
f 2323 2386 2385
f 2324 2325 2387
f 2324 2387 2386
f 2325 2326 2388
f 2325 2388 2387
f 2326 2327 2389
f 2326 2389 2388
f 2327 2328 2390
f 2327 2390 2389
f 2328 2329 2391
f 2328 2391 2390
f 2329 2330 2392
f 2329 2392 2391
f 2330 2331 2393
f 2330 2393 2392
f 2331 2332 2394
f 2331 2394 2393
f 2332 2333 2395
f 2332 2395 2394
f 2333 2334 2396
f 2333 2396 2395
f 2334 2335 2397
f 2334 2397 2396
f 2335 2336 2398
f 2335 2398 2397
f 2336 2337 2399
f 2336 2399 2398
f 2337 2338 2400
f 2337 2400 2399
f 2338 2339 2401
f 2338 2401 2400
f 2339 2340 2402
f 2339 2402 2401
f 2340 2341 2403
f 2340 2403 2402
f 2341 2342 2404
f 2341 2404 2403
f 2342 2343 2405
f 2342 2405 2404
f 2343 2344 2406
f 2343 2406 2405
f 2344 2345 2407
f 2344 2407 2406
f 2345 2346 2408
f 2345 2408 2407
f 2346 2347 2409
f 2346 2409 2408
f 2347 2348 2410
f 2347 2410 2409
f 2348 2349 2411
f 2348 2411 2410
f 2349 2350 2412
f 2349 2412 2411
f 2350 2351 2413
f 2350 2413 2412
f 2351 2352 2414
f 2351 2414 2413
f 2352 2353 2415
f 2352 2415 2414
f 2353 2354 2416
f 2353 2416 2415
f 2354 2355 2417
f 2354 2417 2416
f 2355 2356 2418
f 2355 2418 2417
f 2356 2357 2419
f 2356 2419 2418
f 2357 2358 2420
f 2357 2420 2419
f 2359 2360 2422
f 2359 2422 2421
f 2360 2361 2423
f 2360 2423 2422
f 2361 2362 2424
f 2361 2424 2423
f 2362 2363 2425
f 2362 2425 2424
f 2363 2364 2426
f 2363 2426 2425
f 2364 2365 2427
f 2364 2427 2426
f 2365 2366 2428
f 2365 2428 2427
f 2366 2367 2429
f 2366 2429 2428
f 2367 2368 2430
f 2367 2430 2429
f 2368 2369 2431
f 2368 2431 2430
f 2369 2370 2432
f 2369 2432 2431
f 2370 2371 2433
f 2370 2433 2432
f 2371 2372 2434
f 2371 2434 2433
f 2372 2373 2435
f 2372 2435 2434
f 2373 2374 2436
f 2373 2436 2435
f 2374 2375 2437
f 2374 2437 2436
f 2375 2376 2438
f 2375 2438 2437
f 2376 2377 2439
f 2376 2439 2438
f 2377 2378 2440
f 2377 2440 2439
f 2378 2379 2441
f 2378 2441 2440
f 2379 2380 2442
f 2379 2442 2441
f 2380 2381 2443
f 2380 2443 2442
f 2381 2382 2444
f 2381 2444 2443
f 2382 2383 2445
f 2382 2445 2444
f 2383 2384 2446
f 2383 2446 2445
f 2384 2385 2447
f 2384 2447 2446
f 2385 2386 2448
f 2385 2448 2447
f 2386 2387 2449
f 2386 2449 2448
f 2387 2388 2450
f 2387 2450 2449
f 2388 2389 2451
f 2388 2451 2450
f 2389 2390 2452
f 2389 2452 2451
f 2390 2391 2453
f 2390 2453 2452
f 2391 2392 2454
f 2391 2454 2453
f 2392 2393 2455
f 2392 2455 2454
f 2393 2394 2456
f 2393 2456 2455
f 2394 2395 2457
f 2394 2457 2456
f 2395 2396 2458
f 2395 2458 2457
f 2396 2397 2459
f 2396 2459 2458
f 2397 2398 2460
f 2397 2460 2459
f 2398 2399 2461
f 2398 2461 2460
f 2399 2400 2462
f 2399 2462 2461
f 2400 2401 2463
f 2400 2463 2462
f 2401 2402 2464
f 2401 2464 2463
f 2402 2403 2465
f 2402 2465 2464
f 2403 2404 2466
f 2403 2466 2465
f 2404 2405 2467
f 2404 2467 2466
f 2405 2406 2468
f 2405 2468 2467
f 2406 2407 2469
f 2406 2469 2468
f 2407 2408 2470
f 2407 2470 2469
f 2408 2409 2471
f 2408 2471 2470
f 2409 2410 2472
f 2409 2472 2471
f 2410 2411 2473
f 2410 2473 2472
f 2411 2412 2474
f 2411 2474 2473
f 2412 2413 2475
f 2412 2475 2474
f 2413 2414 2476
f 2413 2476 2475
f 2414 2415 2477
f 2414 2477 2476
f 2415 2416 2478
f 2415 2478 2477
f 2416 2417 2479
f 2416 2479 2478
f 2417 2418 2480
f 2417 2480 2479
f 2418 2419 2481
f 2418 2481 2480
f 2419 2420 2482
f 2419 2482 2481
f 2421 2422 2484
f 2421 2484 2483
f 2422 2423 2485
f 2422 2485 2484
f 2423 2424 2486
f 2423 2486 2485
f 2424 2425 2487
f 2424 2487 2486
f 2425 2426 2488
f 2425 2488 2487
f 2426 2427 2489
f 2426 2489 2488
f 2427 2428 2490
f 2427 2490 2489
f 2428 2429 2491
f 2428 2491 2490
f 2429 2430 2492
f 2429 2492 2491
f 2430 2431 2493
f 2430 2493 2492
f 2431 2432 2494
f 2431 2494 2493
f 2432 2433 2495
f 2432 2495 2494
f 2433 2434 2496
f 2433 2496 2495
f 2434 2435 2497
f 2434 2497 2496
f 2435 2436 2498
f 2435 2498 2497
f 2436 2437 2499
f 2436 2499 2498
f 2437 2438 2500
f 2437 2500 2499
f 2438 2439 2501
f 2438 2501 2500
f 2439 2440 2502
f 2439 2502 2501
f 2440 2441 2503
f 2440 2503 2502
f 2441 2442 2504
f 2441 2504 2503
f 2442 2443 2505
f 2442 2505 2504
f 2443 2444 2506
f 2443 2506 2505
f 2444 2445 2507
f 2444 2507 2506
f 2445 2446 2508
f 2445 2508 2507
f 2446 2447 2509
f 2446 2509 2508
f 2447 2448 2510
f 2447 2510 2509
f 2448 2449 2511
f 2448 2511 2510
f 2449 2450 2512
f 2449 2512 2511
f 2450 2451 2513
f 2450 2513 2512
f 2451 2452 2514
f 2451 2514 2513
f 2452 2453 2515
f 2452 2515 2514
f 2453 2454 2516
f 2453 2516 2515
f 2454 2455 2517
f 2454 2517 2516
f 2455 2456 2518
f 2455 2518 2517
f 2456 2457 2519
f 2456 2519 2518
f 2457 2458 2520
f 2457 2520 2519
f 2458 2459 2521
f 2458 2521 2520
f 2459 2460 2522
f 2459 2522 2521
f 2460 2461 2523
f 2460 2523 2522
f 2461 2462 2524
f 2461 2524 2523
f 2462 2463 2525
f 2462 2525 2524
f 2463 2464 2526
f 2463 2526 2525
f 2464 2465 2527
f 2464 2527 2526
f 2465 2466 2528
f 2465 2528 2527
f 2466 2467 2529
f 2466 2529 2528
f 2467 2468 2530
f 2467 2530 2529
f 2468 2469 2531
f 2468 2531 2530
f 2469 2470 2532
f 2469 2532 2531
f 2470 2471 2533
f 2470 2533 2532
f 2471 2472 2534
f 2471 2534 2533
f 2472 2473 2535
f 2472 2535 2534
f 2473 2474 2536
f 2473 2536 2535
f 2474 2475 2537
f 2474 2537 2536
f 2475 2476 2538
f 2475 2538 2537
f 2476 2477 2539
f 2476 2539 2538
f 2477 2478 2540
f 2477 2540 2539
f 2478 2479 2541
f 2478 2541 2540
f 2479 2480 2542
f 2479 2542 2541
f 2480 2481 2543
f 2480 2543 2542
f 2481 2482 2544
f 2481 2544 2543
f 2483 2484 2546
f 2483 2546 2545
f 2484 2485 2547
f 2484 2547 2546
f 2485 2486 2548
f 2485 2548 2547
f 2486 2487 2549
f 2486 2549 2548
f 2487 2488 2550
f 2487 2550 2549
f 2488 2489 2551
f 2488 2551 2550
f 2489 2490 2552
f 2489 2552 2551
f 2490 2491 2553
f 2490 2553 2552
f 2491 2492 2554
f 2491 2554 2553
f 2492 2493 2555
f 2492 2555 2554
f 2493 2494 2556
f 2493 2556 2555
f 2494 2495 2557
f 2494 2557 2556
f 2495 2496 2558
f 2495 2558 2557
f 2496 2497 2559
f 2496 2559 2558
f 2497 2498 2560
f 2497 2560 2559
f 2498 2499 2561
f 2498 2561 2560
f 2499 2500 2562
f 2499 2562 2561
f 2500 2501 2563
f 2500 2563 2562
f 2501 2502 2564
f 2501 2564 2563
f 2502 2503 2565
f 2502 2565 2564
f 2503 2504 2566
f 2503 2566 2565
f 2504 2505 2567
f 2504 2567 2566
f 2505 2506 2568
f 2505 2568 2567
f 2506 2507 2569
f 2506 2569 2568
f 2507 2508 2570
f 2507 2570 2569
f 2508 2509 2571
f 2508 2571 2570
f 2509 2510 2572
f 2509 2572 2571
f 2510 2511 2573
f 2510 2573 2572
f 2511 2512 2574
f 2511 2574 2573
f 2512 2513 2575
f 2512 2575 2574
f 2513 2514 2576
f 2513 2576 2575
f 2514 2515 2577
f 2514 2577 2576
f 2515 2516 2578
f 2515 2578 2577
f 2516 2517 2579
f 2516 2579 2578
f 2517 2518 2580
f 2517 2580 2579
f 2518 2519 2581
f 2518 2581 2580
f 2519 2520 2582
f 2519 2582 2581
f 2520 2521 2583
f 2520 2583 2582
f 2521 2522 2584
f 2521 2584 2583
f 2522 2523 2585
f 2522 2585 2584
f 2523 2524 2586
f 2523 2586 2585
f 2524 2525 2587
f 2524 2587 2586
f 2525 2526 2588
f 2525 2588 2587
f 2526 2527 2589
f 2526 2589 2588
f 2527 2528 2590
f 2527 2590 2589
f 2528 2529 2591
f 2528 2591 2590
f 2529 2530 2592
f 2529 2592 2591
f 2530 2531 2593
f 2530 2593 2592
f 2531 2532 2594
f 2531 2594 2593
f 2532 2533 2595
f 2532 2595 2594
f 2533 2534 2596
f 2533 2596 2595
f 2534 2535 2597
f 2534 2597 2596
f 2535 2536 2598
f 2535 2598 2597
f 2536 2537 2599
f 2536 2599 2598
f 2537 2538 2600
f 2537 2600 2599
f 2538 2539 2601
f 2538 2601 2600
f 2539 2540 2602
f 2539 2602 2601
f 2540 2541 2603
f 2540 2603 2602
f 2541 2542 2604
f 2541 2604 2603
f 2542 2543 2605
f 2542 2605 2604
f 2543 2544 2606
f 2543 2606 2605
f 2545 2546 2608
f 2545 2608 2607
f 2546 2547 2609
f 2546 2609 2608
f 2547 2548 2610
f 2547 2610 2609
f 2548 2549 2611
f 2548 2611 2610
f 2549 2550 2612
f 2549 2612 2611
f 2550 2551 2613
f 2550 2613 2612
f 2551 2552 2614
f 2551 2614 2613
f 2552 2553 2615
f 2552 2615 2614
f 2553 2554 2616
f 2553 2616 2615
f 2554 2555 2617
f 2554 2617 2616
f 2555 2556 2618
f 2555 2618 2617
f 2556 2557 2619
f 2556 2619 2618
f 2557 2558 2620
f 2557 2620 2619
f 2558 2559 2621
f 2558 2621 2620
f 2559 2560 2622
f 2559 2622 2621
f 2560 2561 2623
f 2560 2623 2622
f 2561 2562 2624
f 2561 2624 2623
f 2562 2563 2625
f 2562 2625 2624
f 2563 2564 2626
f 2563 2626 2625
f 2564 2565 2627
f 2564 2627 2626
f 2565 2566 2628
f 2565 2628 2627
f 2566 2567 2629
f 2566 2629 2628
f 2567 2568 2630
f 2567 2630 2629
f 2568 2569 2631
f 2568 2631 2630
f 2569 2570 2632
f 2569 2632 2631
f 2570 2571 2633
f 2570 2633 2632
f 2571 2572 2634
f 2571 2634 2633
f 2572 2573 2635
f 2572 2635 2634
f 2573 2574 2636
f 2573 2636 2635
f 2574 2575 2637
f 2574 2637 2636
f 2575 2576 2638
f 2575 2638 2637
f 2576 2577 2639
f 2576 2639 2638
f 2577 2578 2640
f 2577 2640 2639
f 2578 2579 2641
f 2578 2641 2640
f 2579 2580 2642
f 2579 2642 2641
f 2580 2581 2643
f 2580 2643 2642
f 2581 2582 2644
f 2581 2644 2643
f 2582 2583 2645
f 2582 2645 2644
f 2583 2584 2646
f 2583 2646 2645
f 2584 2585 2647
f 2584 2647 2646
f 2585 2586 2648
f 2585 2648 2647
f 2586 2587 2649
f 2586 2649 2648
f 2587 2588 2650
f 2587 2650 2649
f 2588 2589 2651
f 2588 2651 2650
f 2589 2590 2652
f 2589 2652 2651
f 2590 2591 2653
f 2590 2653 2652
f 2591 2592 2654
f 2591 2654 2653
f 2592 2593 2655
f 2592 2655 2654
f 2593 2594 2656
f 2593 2656 2655
f 2594 2595 2657
f 2594 2657 2656
f 2595 2596 2658
f 2595 2658 2657
f 2596 2597 2659
f 2596 2659 2658
f 2597 2598 2660
f 2597 2660 2659
f 2598 2599 2661
f 2598 2661 2660
f 2599 2600 2662
f 2599 2662 2661
f 2600 2601 2663
f 2600 2663 2662
f 2601 2602 2664
f 2601 2664 2663
f 2602 2603 2665
f 2602 2665 2664
f 2603 2604 2666
f 2603 2666 2665
f 2604 2605 2667
f 2604 2667 2666
f 2605 2606 2668
f 2605 2668 2667
f 2607 2608 2670
f 2607 2670 2669
f 2608 2609 2671
f 2608 2671 2670
f 2609 2610 2672
f 2609 2672 2671
f 2610 2611 2673
f 2610 2673 2672
f 2611 2612 2674
f 2611 2674 2673
f 2612 2613 2675
f 2612 2675 2674
f 2613 2614 2676
f 2613 2676 2675
f 2614 2615 2677
f 2614 2677 2676
f 2615 2616 2678
f 2615 2678 2677
f 2616 2617 2679
f 2616 2679 2678
f 2617 2618 2680
f 2617 2680 2679
f 2618 2619 2681
f 2618 2681 2680
f 2619 2620 2682
f 2619 2682 2681
f 2620 2621 2683
f 2620 2683 2682
f 2621 2622 2684
f 2621 2684 2683
f 2622 2623 2685
f 2622 2685 2684
f 2623 2624 2686
f 2623 2686 2685
f 2624 2625 2687
f 2624 2687 2686
f 2625 2626 2688
f 2625 2688 2687
f 2626 2627 2689
f 2626 2689 2688
f 2627 2628 2690
f 2627 2690 2689
f 2628 2629 2691
f 2628 2691 2690
f 2629 2630 2692
f 2629 2692 2691
f 2630 2631 2693
f 2630 2693 2692
f 2631 2632 2694
f 2631 2694 2693
f 2632 2633 2695
f 2632 2695 2694
f 2633 2634 2696
f 2633 2696 2695
f 2634 2635 2697
f 2634 2697 2696
f 2635 2636 2698
f 2635 2698 2697
f 2636 2637 2699
f 2636 2699 2698
f 2637 2638 2700
f 2637 2700 2699
f 2638 2639 2701
f 2638 2701 2700
f 2639 2640 2702
f 2639 2702 2701
f 2640 2641 2703
f 2640 2703 2702
f 2641 2642 2704
f 2641 2704 2703
f 2642 2643 2705
f 2642 2705 2704
f 2643 2644 2706
f 2643 2706 2705
f 2644 2645 2707
f 2644 2707 2706
f 2645 2646 2708
f 2645 2708 2707
f 2646 2647 2709
f 2646 2709 2708
f 2647 2648 2710
f 2647 2710 2709
f 2648 2649 2711
f 2648 2711 2710
f 2649 2650 2712
f 2649 2712 2711
f 2650 2651 2713
f 2650 2713 2712
f 2651 2652 2714
f 2651 2714 2713
f 2652 2653 2715
f 2652 2715 2714
f 2653 2654 2716
f 2653 2716 2715
f 2654 2655 2717
f 2654 2717 2716
f 2655 2656 2718
f 2655 2718 2717
f 2656 2657 2719
f 2656 2719 2718
f 2657 2658 2720
f 2657 2720 2719
f 2658 2659 2721
f 2658 2721 2720
f 2659 2660 2722
f 2659 2722 2721
f 2660 2661 2723
f 2660 2723 2722
f 2661 2662 2724
f 2661 2724 2723
f 2662 2663 2725
f 2662 2725 2724
f 2663 2664 2726
f 2663 2726 2725
f 2664 2665 2727
f 2664 2727 2726
f 2665 2666 2728
f 2665 2728 2727
f 2666 2667 2729
f 2666 2729 2728
f 2667 2668 2730
f 2667 2730 2729
f 2669 2670 2732
f 2669 2732 2731
f 2670 2671 2733
f 2670 2733 2732
f 2671 2672 2734
f 2671 2734 2733
f 2672 2673 2735
f 2672 2735 2734
f 2673 2674 2736
f 2673 2736 2735
f 2674 2675 2737
f 2674 2737 2736
f 2675 2676 2738
f 2675 2738 2737
f 2676 2677 2739
f 2676 2739 2738
f 2677 2678 2740
f 2677 2740 2739
f 2678 2679 2741
f 2678 2741 2740
f 2679 2680 2742
f 2679 2742 2741
f 2680 2681 2743
f 2680 2743 2742
f 2681 2682 2744
f 2681 2744 2743
f 2682 2683 2745
f 2682 2745 2744
f 2683 2684 2746
f 2683 2746 2745
f 2684 2685 2747
f 2684 2747 2746
f 2685 2686 2748
f 2685 2748 2747
f 2686 2687 2749
f 2686 2749 2748
f 2687 2688 2750
f 2687 2750 2749
f 2688 2689 2751
f 2688 2751 2750
f 2689 2690 2752
f 2689 2752 2751
f 2690 2691 2753
f 2690 2753 2752
f 2691 2692 2754
f 2691 2754 2753
f 2692 2693 2755
f 2692 2755 2754
f 2693 2694 2756
f 2693 2756 2755
f 2694 2695 2757
f 2694 2757 2756
f 2695 2696 2758
f 2695 2758 2757
f 2696 2697 2759
f 2696 2759 2758
f 2697 2698 2760
f 2697 2760 2759
f 2698 2699 2761
f 2698 2761 2760
f 2699 2700 2762
f 2699 2762 2761
f 2700 2701 2763
f 2700 2763 2762
f 2701 2702 2764
f 2701 2764 2763
f 2702 2703 2765
f 2702 2765 2764
f 2703 2704 2766
f 2703 2766 2765
f 2704 2705 2767
f 2704 2767 2766
f 2705 2706 2768
f 2705 2768 2767
f 2706 2707 2769
f 2706 2769 2768
f 2707 2708 2770
f 2707 2770 2769
f 2708 2709 2771
f 2708 2771 2770
f 2709 2710 2772
f 2709 2772 2771
f 2710 2711 2773
f 2710 2773 2772
f 2711 2712 2774
f 2711 2774 2773
f 2712 2713 2775
f 2712 2775 2774
f 2713 2714 2776
f 2713 2776 2775
f 2714 2715 2777
f 2714 2777 2776
f 2715 2716 2778
f 2715 2778 2777
f 2716 2717 2779
f 2716 2779 2778
f 2717 2718 2780
f 2717 2780 2779
f 2718 2719 2781
f 2718 2781 2780
f 2719 2720 2782
f 2719 2782 2781
f 2720 2721 2783
f 2720 2783 2782
f 2721 2722 2784
f 2721 2784 2783
f 2722 2723 2785
f 2722 2785 2784
f 2723 2724 2786
f 2723 2786 2785
f 2724 2725 2787
f 2724 2787 2786
f 2725 2726 2788
f 2725 2788 2787
f 2726 2727 2789
f 2726 2789 2788
f 2727 2728 2790
f 2727 2790 2789
f 2728 2729 2791
f 2728 2791 2790
f 2729 2730 2792
f 2729 2792 2791
f 2731 2732 2794
f 2731 2794 2793
f 2732 2733 2795
f 2732 2795 2794
f 2733 2734 2796
f 2733 2796 2795
f 2734 2735 2797
f 2734 2797 2796
f 2735 2736 2798
f 2735 2798 2797
f 2736 2737 2799
f 2736 2799 2798
f 2737 2738 2800
f 2737 2800 2799
f 2738 2739 2801
f 2738 2801 2800
f 2739 2740 2802
f 2739 2802 2801
f 2740 2741 2803
f 2740 2803 2802
f 2741 2742 2804
f 2741 2804 2803
f 2742 2743 2805
f 2742 2805 2804
f 2743 2744 2806
f 2743 2806 2805
f 2744 2745 2807
f 2744 2807 2806
f 2745 2746 2808
f 2745 2808 2807
f 2746 2747 2809
f 2746 2809 2808
f 2747 2748 2810
f 2747 2810 2809
f 2748 2749 2811
f 2748 2811 2810
f 2749 2750 2812
f 2749 2812 2811
f 2750 2751 2813
f 2750 2813 2812
f 2751 2752 2814
f 2751 2814 2813
f 2752 2753 2815
f 2752 2815 2814
f 2753 2754 2816
f 2753 2816 2815
f 2754 2755 2817
f 2754 2817 2816
f 2755 2756 2818
f 2755 2818 2817
f 2756 2757 2819
f 2756 2819 2818
f 2757 2758 2820
f 2757 2820 2819
f 2758 2759 2821
f 2758 2821 2820
f 2759 2760 2822
f 2759 2822 2821
f 2760 2761 2823
f 2760 2823 2822
f 2761 2762 2824
f 2761 2824 2823
f 2762 2763 2825
f 2762 2825 2824
f 2763 2764 2826
f 2763 2826 2825
f 2764 2765 2827
f 2764 2827 2826
f 2765 2766 2828
f 2765 2828 2827
f 2766 2767 2829
f 2766 2829 2828
f 2767 2768 2830
f 2767 2830 2829
f 2768 2769 2831
f 2768 2831 2830
f 2769 2770 2832
f 2769 2832 2831
f 2770 2771 2833
f 2770 2833 2832
f 2771 2772 2834
f 2771 2834 2833
f 2772 2773 2835
f 2772 2835 2834
f 2773 2774 2836
f 2773 2836 2835
f 2774 2775 2837
f 2774 2837 2836
f 2775 2776 2838
f 2775 2838 2837
f 2776 2777 2839
f 2776 2839 2838
f 2777 2778 2840
f 2777 2840 2839
f 2778 2779 2841
f 2778 2841 2840
f 2779 2780 2842
f 2779 2842 2841
f 2780 2781 2843
f 2780 2843 2842
f 2781 2782 2844
f 2781 2844 2843
f 2782 2783 2845
f 2782 2845 2844
f 2783 2784 2846
f 2783 2846 2845
f 2784 2785 2847
f 2784 2847 2846
f 2785 2786 2848
f 2785 2848 2847
f 2786 2787 2849
f 2786 2849 2848
f 2787 2788 2850
f 2787 2850 2849
f 2788 2789 2851
f 2788 2851 2850
f 2789 2790 2852
f 2789 2852 2851
f 2790 2791 2853
f 2790 2853 2852
f 2791 2792 2854
f 2791 2854 2853
f 2793 2794 2856
f 2793 2856 2855
f 2794 2795 2857
f 2794 2857 2856
f 2795 2796 2858
f 2795 2858 2857
f 2796 2797 2859
f 2796 2859 2858
f 2797 2798 2860
f 2797 2860 2859
f 2798 2799 2861
f 2798 2861 2860
f 2799 2800 2862
f 2799 2862 2861
f 2800 2801 2863
f 2800 2863 2862
f 2801 2802 2864
f 2801 2864 2863
f 2802 2803 2865
f 2802 2865 2864
f 2803 2804 2866
f 2803 2866 2865
f 2804 2805 2867
f 2804 2867 2866
f 2805 2806 2868
f 2805 2868 2867
f 2806 2807 2869
f 2806 2869 2868
f 2807 2808 2870
f 2807 2870 2869
f 2808 2809 2871
f 2808 2871 2870
f 2809 2810 2872
f 2809 2872 2871
f 2810 2811 2873
f 2810 2873 2872
f 2811 2812 2874
f 2811 2874 2873
f 2812 2813 2875
f 2812 2875 2874
f 2813 2814 2876
f 2813 2876 2875
f 2814 2815 2877
f 2814 2877 2876
f 2815 2816 2878
f 2815 2878 2877
f 2816 2817 2879
f 2816 2879 2878
f 2817 2818 2880
f 2817 2880 2879
f 2818 2819 2881
f 2818 2881 2880
f 2819 2820 2882
f 2819 2882 2881
f 2820 2821 2883
f 2820 2883 2882
f 2821 2822 2884
f 2821 2884 2883
f 2822 2823 2885
f 2822 2885 2884
f 2823 2824 2886
f 2823 2886 2885
f 2824 2825 2887
f 2824 2887 2886
f 2825 2826 2888
f 2825 2888 2887
f 2826 2827 2889
f 2826 2889 2888
f 2827 2828 2890
f 2827 2890 2889
f 2828 2829 2891
f 2828 2891 2890
f 2829 2830 2892
f 2829 2892 2891
f 2830 2831 2893
f 2830 2893 2892
f 2831 2832 2894
f 2831 2894 2893
f 2832 2833 2895
f 2832 2895 2894
f 2833 2834 2896
f 2833 2896 2895
f 2834 2835 2897
f 2834 2897 2896
f 2835 2836 2898
f 2835 2898 2897
f 2836 2837 2899
f 2836 2899 2898
f 2837 2838 2900
f 2837 2900 2899
f 2838 2839 2901
f 2838 2901 2900
f 2839 2840 2902
f 2839 2902 2901
f 2840 2841 2903
f 2840 2903 2902
f 2841 2842 2904
f 2841 2904 2903
f 2842 2843 2905
f 2842 2905 2904
f 2843 2844 2906
f 2843 2906 2905
f 2844 2845 2907
f 2844 2907 2906
f 2845 2846 2908
f 2845 2908 2907
f 2846 2847 2909
f 2846 2909 2908
f 2847 2848 2910
f 2847 2910 2909
f 2848 2849 2911
f 2848 2911 2910
f 2849 2850 2912
f 2849 2912 2911
f 2850 2851 2913
f 2850 2913 2912
f 2851 2852 2914
f 2851 2914 2913
f 2852 2853 2915
f 2852 2915 2914
f 2853 2854 2916
f 2853 2916 2915
f 2855 2856 2918
f 2855 2918 2917
f 2856 2857 2919
f 2856 2919 2918
f 2857 2858 2920
f 2857 2920 2919
f 2858 2859 2921
f 2858 2921 2920
f 2859 2860 2922
f 2859 2922 2921
f 2860 2861 2923
f 2860 2923 2922
f 2861 2862 2924
f 2861 2924 2923
f 2862 2863 2925
f 2862 2925 2924
f 2863 2864 2926
f 2863 2926 2925
f 2864 2865 2927
f 2864 2927 2926
f 2865 2866 2928
f 2865 2928 2927
f 2866 2867 2929
f 2866 2929 2928
f 2867 2868 2930
f 2867 2930 2929
f 2868 2869 2931
f 2868 2931 2930
f 2869 2870 2932
f 2869 2932 2931
f 2870 2871 2933
f 2870 2933 2932
f 2871 2872 2934
f 2871 2934 2933
f 2872 2873 2935
f 2872 2935 2934
f 2873 2874 2936
f 2873 2936 2935
f 2874 2875 2937
f 2874 2937 2936
f 2875 2876 2938
f 2875 2938 2937
f 2876 2877 2939
f 2876 2939 2938
f 2877 2878 2940
f 2877 2940 2939
f 2878 2879 2941
f 2878 2941 2940
f 2879 2880 2942
f 2879 2942 2941
f 2880 2881 2943
f 2880 2943 2942
f 2881 2882 2944
f 2881 2944 2943
f 2882 2883 2945
f 2882 2945 2944
f 2883 2884 2946
f 2883 2946 2945
f 2884 2885 2947
f 2884 2947 2946
f 2885 2886 2948
f 2885 2948 2947
f 2886 2887 2949
f 2886 2949 2948
f 2887 2888 2950
f 2887 2950 2949
f 2888 2889 2951
f 2888 2951 2950
f 2889 2890 2952
f 2889 2952 2951
f 2890 2891 2953
f 2890 2953 2952
f 2891 2892 2954
f 2891 2954 2953
f 2892 2893 2955
f 2892 2955 2954
f 2893 2894 2956
f 2893 2956 2955
f 2894 2895 2957
f 2894 2957 2956
f 2895 2896 2958
f 2895 2958 2957
f 2896 2897 2959
f 2896 2959 2958
f 2897 2898 2960
f 2897 2960 2959
f 2898 2899 2961
f 2898 2961 2960
f 2899 2900 2962
f 2899 2962 2961
f 2900 2901 2963
f 2900 2963 2962
f 2901 2902 2964
f 2901 2964 2963
f 2902 2903 2965
f 2902 2965 2964
f 2903 2904 2966
f 2903 2966 2965
f 2904 2905 2967
f 2904 2967 2966
f 2905 2906 2968
f 2905 2968 2967
f 2906 2907 2969
f 2906 2969 2968
f 2907 2908 2970
f 2907 2970 2969
f 2908 2909 2971
f 2908 2971 2970
f 2909 2910 2972
f 2909 2972 2971
f 2910 2911 2973
f 2910 2973 2972
f 2911 2912 2974
f 2911 2974 2973
f 2912 2913 2975
f 2912 2975 2974
f 2913 2914 2976
f 2913 2976 2975
f 2914 2915 2977
f 2914 2977 2976
f 2915 2916 2978
f 2915 2978 2977
f 2917 2918 2980
f 2917 2980 2979
f 2918 2919 2981
f 2918 2981 2980
f 2919 2920 2982
f 2919 2982 2981
f 2920 2921 2983
f 2920 2983 2982
f 2921 2922 2984
f 2921 2984 2983
f 2922 2923 2985
f 2922 2985 2984
f 2923 2924 2986
f 2923 2986 2985
f 2924 2925 2987
f 2924 2987 2986
f 2925 2926 2988
f 2925 2988 2987
f 2926 2927 2989
f 2926 2989 2988
f 2927 2928 2990
f 2927 2990 2989
f 2928 2929 2991
f 2928 2991 2990
f 2929 2930 2992
f 2929 2992 2991
f 2930 2931 2993
f 2930 2993 2992
f 2931 2932 2994
f 2931 2994 2993
f 2932 2933 2995
f 2932 2995 2994
f 2933 2934 2996
f 2933 2996 2995
f 2934 2935 2997
f 2934 2997 2996
f 2935 2936 2998
f 2935 2998 2997
f 2936 2937 2999
f 2936 2999 2998
f 2937 2938 3000
f 2937 3000 2999
f 2938 2939 3001
f 2938 3001 3000
f 2939 2940 3002
f 2939 3002 3001
f 2940 2941 3003
f 2940 3003 3002
f 2941 2942 3004
f 2941 3004 3003
f 2942 2943 3005
f 2942 3005 3004
f 2943 2944 3006
f 2943 3006 3005
f 2944 2945 3007
f 2944 3007 3006
f 2945 2946 3008
f 2945 3008 3007
f 2946 2947 3009
f 2946 3009 3008
f 2947 2948 3010
f 2947 3010 3009
f 2948 2949 3011
f 2948 3011 3010
f 2949 2950 3012
f 2949 3012 3011
f 2950 2951 3013
f 2950 3013 3012
f 2951 2952 3014
f 2951 3014 3013
f 2952 2953 3015
f 2952 3015 3014
f 2953 2954 3016
f 2953 3016 3015
f 2954 2955 3017
f 2954 3017 3016
f 2955 2956 3018
f 2955 3018 3017
f 2956 2957 3019
f 2956 3019 3018
f 2957 2958 3020
f 2957 3020 3019
f 2958 2959 3021
f 2958 3021 3020
f 2959 2960 3022
f 2959 3022 3021
f 2960 2961 3023
f 2960 3023 3022
f 2961 2962 3024
f 2961 3024 3023
f 2962 2963 3025
f 2962 3025 3024
f 2963 2964 3026
f 2963 3026 3025
f 2964 2965 3027
f 2964 3027 3026
f 2965 2966 3028
f 2965 3028 3027
f 2966 2967 3029
f 2966 3029 3028
f 2967 2968 3030
f 2967 3030 3029
f 2968 2969 3031
f 2968 3031 3030
f 2969 2970 3032
f 2969 3032 3031
f 2970 2971 3033
f 2970 3033 3032
f 2971 2972 3034
f 2971 3034 3033
f 2972 2973 3035
f 2972 3035 3034
f 2973 2974 3036
f 2973 3036 3035
f 2974 2975 3037
f 2974 3037 3036
f 2975 2976 3038
f 2975 3038 3037
f 2976 2977 3039
f 2976 3039 3038
f 2977 2978 3040
f 2977 3040 3039
f 2979 2980 3042
f 2979 3042 3041
f 2980 2981 3043
f 2980 3043 3042
f 2981 2982 3044
f 2981 3044 3043
f 2982 2983 3045
f 2982 3045 3044
f 2983 2984 3046
f 2983 3046 3045
f 2984 2985 3047
f 2984 3047 3046
f 2985 2986 3048
f 2985 3048 3047
f 2986 2987 3049
f 2986 3049 3048
f 2987 2988 3050
f 2987 3050 3049
f 2988 2989 3051
f 2988 3051 3050
f 2989 2990 3052
f 2989 3052 3051
f 2990 2991 3053
f 2990 3053 3052
f 2991 2992 3054
f 2991 3054 3053
f 2992 2993 3055
f 2992 3055 3054
f 2993 2994 3056
f 2993 3056 3055
f 2994 2995 3057
f 2994 3057 3056
f 2995 2996 3058
f 2995 3058 3057
f 2996 2997 3059
f 2996 3059 3058
f 2997 2998 3060
f 2997 3060 3059
f 2998 2999 3061
f 2998 3061 3060
f 2999 3000 3062
f 2999 3062 3061
f 3000 3001 3063
f 3000 3063 3062
f 3001 3002 3064
f 3001 3064 3063
f 3002 3003 3065
f 3002 3065 3064
f 3003 3004 3066
f 3003 3066 3065
f 3004 3005 3067
f 3004 3067 3066
f 3005 3006 3068
f 3005 3068 3067
f 3006 3007 3069
f 3006 3069 3068
f 3007 3008 3070
f 3007 3070 3069
f 3008 3009 3071
f 3008 3071 3070
f 3009 3010 3072
f 3009 3072 3071
f 3010 3011 3073
f 3010 3073 3072
f 3011 3012 3074
f 3011 3074 3073
f 3012 3013 3075
f 3012 3075 3074
f 3013 3014 3076
f 3013 3076 3075
f 3014 3015 3077
f 3014 3077 3076
f 3015 3016 3078
f 3015 3078 3077
f 3016 3017 3079
f 3016 3079 3078
f 3017 3018 3080
f 3017 3080 3079
f 3018 3019 3081
f 3018 3081 3080
f 3019 3020 3082
f 3019 3082 3081
f 3020 3021 3083
f 3020 3083 3082
f 3021 3022 3084
f 3021 3084 3083
f 3022 3023 3085
f 3022 3085 3084
f 3023 3024 3086
f 3023 3086 3085
f 3024 3025 3087
f 3024 3087 3086
f 3025 3026 3088
f 3025 3088 3087
f 3026 3027 3089
f 3026 3089 3088
f 3027 3028 3090
f 3027 3090 3089
f 3028 3029 3091
f 3028 3091 3090
f 3029 3030 3092
f 3029 3092 3091
f 3030 3031 3093
f 3030 3093 3092
f 3031 3032 3094
f 3031 3094 3093
f 3032 3033 3095
f 3032 3095 3094
f 3033 3034 3096
f 3033 3096 3095
f 3034 3035 3097
f 3034 3097 3096
f 3035 3036 3098
f 3035 3098 3097
f 3036 3037 3099
f 3036 3099 3098
f 3037 3038 3100
f 3037 3100 3099
f 3038 3039 3101
f 3038 3101 3100
f 3039 3040 3102
f 3039 3102 3101
f 3041 3042 3104
f 3041 3104 3103
f 3042 3043 3105
f 3042 3105 3104
f 3043 3044 3106
f 3043 3106 3105
f 3044 3045 3107
f 3044 3107 3106
f 3045 3046 3108
f 3045 3108 3107
f 3046 3047 3109
f 3046 3109 3108
f 3047 3048 3110
f 3047 3110 3109
f 3048 3049 3111
f 3048 3111 3110
f 3049 3050 3112
f 3049 3112 3111
f 3050 3051 3113
f 3050 3113 3112
f 3051 3052 3114
f 3051 3114 3113
f 3052 3053 3115
f 3052 3115 3114
f 3053 3054 3116
f 3053 3116 3115
f 3054 3055 3117
f 3054 3117 3116
f 3055 3056 3118
f 3055 3118 3117
f 3056 3057 3119
f 3056 3119 3118
f 3057 3058 3120
f 3057 3120 3119
f 3058 3059 3121
f 3058 3121 3120
f 3059 3060 3122
f 3059 3122 3121
f 3060 3061 3123
f 3060 3123 3122
f 3061 3062 3124
f 3061 3124 3123
f 3062 3063 3125
f 3062 3125 3124
f 3063 3064 3126
f 3063 3126 3125
f 3064 3065 3127
f 3064 3127 3126
f 3065 3066 3128
f 3065 3128 3127
f 3066 3067 3129
f 3066 3129 3128
f 3067 3068 3130
f 3067 3130 3129
f 3068 3069 3131
f 3068 3131 3130
f 3069 3070 3132
f 3069 3132 3131
f 3070 3071 3133
f 3070 3133 3132
f 3071 3072 3134
f 3071 3134 3133
f 3072 3073 3135
f 3072 3135 3134
f 3073 3074 3136
f 3073 3136 3135
f 3074 3075 3137
f 3074 3137 3136
f 3075 3076 3138
f 3075 3138 3137
f 3076 3077 3139
f 3076 3139 3138
f 3077 3078 3140
f 3077 3140 3139
f 3078 3079 3141
f 3078 3141 3140
f 3079 3080 3142
f 3079 3142 3141
f 3080 3081 3143
f 3080 3143 3142
f 3081 3082 3144
f 3081 3144 3143
f 3082 3083 3145
f 3082 3145 3144
f 3083 3084 3146
f 3083 3146 3145
f 3084 3085 3147
f 3084 3147 3146
f 3085 3086 3148
f 3085 3148 3147
f 3086 3087 3149
f 3086 3149 3148
f 3087 3088 3150
f 3087 3150 3149
f 3088 3089 3151
f 3088 3151 3150
f 3089 3090 3152
f 3089 3152 3151
f 3090 3091 3153
f 3090 3153 3152
f 3091 3092 3154
f 3091 3154 3153
f 3092 3093 3155
f 3092 3155 3154
f 3093 3094 3156
f 3093 3156 3155
f 3094 3095 3157
f 3094 3157 3156
f 3095 3096 3158
f 3095 3158 3157
f 3096 3097 3159
f 3096 3159 3158
f 3097 3098 3160
f 3097 3160 3159
f 3098 3099 3161
f 3098 3161 3160
f 3099 3100 3162
f 3099 3162 3161
f 3100 3101 3163
f 3100 3163 3162
f 3101 3102 3164
f 3101 3164 3163
f 3103 3104 3166
f 3103 3166 3165
f 3104 3105 3167
f 3104 3167 3166
f 3105 3106 3168
f 3105 3168 3167
f 3106 3107 3169
f 3106 3169 3168
f 3107 3108 3170
f 3107 3170 3169
f 3108 3109 3171
f 3108 3171 3170
f 3109 3110 3172
f 3109 3172 3171
f 3110 3111 3173
f 3110 3173 3172
f 3111 3112 3174
f 3111 3174 3173
f 3112 3113 3175
f 3112 3175 3174
f 3113 3114 3176
f 3113 3176 3175
f 3114 3115 3177
f 3114 3177 3176
f 3115 3116 3178
f 3115 3178 3177
f 3116 3117 3179
f 3116 3179 3178
f 3117 3118 3180
f 3117 3180 3179
f 3118 3119 3181
f 3118 3181 3180
f 3119 3120 3182
f 3119 3182 3181
f 3120 3121 3183
f 3120 3183 3182
f 3121 3122 3184
f 3121 3184 3183
f 3122 3123 3185
f 3122 3185 3184
f 3123 3124 3186
f 3123 3186 3185
f 3124 3125 3187
f 3124 3187 3186
f 3125 3126 3188
f 3125 3188 3187
f 3126 3127 3189
f 3126 3189 3188
f 3127 3128 3190
f 3127 3190 3189
f 3128 3129 3191
f 3128 3191 3190
f 3129 3130 3192
f 3129 3192 3191
f 3130 3131 3193
f 3130 3193 3192
f 3131 3132 3194
f 3131 3194 3193
f 3132 3133 3195
f 3132 3195 3194
f 3133 3134 3196
f 3133 3196 3195
f 3134 3135 3197
f 3134 3197 3196
f 3135 3136 3198
f 3135 3198 3197
f 3136 3137 3199
f 3136 3199 3198
f 3137 3138 3200
f 3137 3200 3199
f 3138 3139 3201
f 3138 3201 3200
f 3139 3140 3202
f 3139 3202 3201
f 3140 3141 3203
f 3140 3203 3202
f 3141 3142 3204
f 3141 3204 3203
f 3142 3143 3205
f 3142 3205 3204
f 3143 3144 3206
f 3143 3206 3205
f 3144 3145 3207
f 3144 3207 3206
f 3145 3146 3208
f 3145 3208 3207
f 3146 3147 3209
f 3146 3209 3208
f 3147 3148 3210
f 3147 3210 3209
f 3148 3149 3211
f 3148 3211 3210
f 3149 3150 3212
f 3149 3212 3211
f 3150 3151 3213
f 3150 3213 3212
f 3151 3152 3214
f 3151 3214 3213
f 3152 3153 3215
f 3152 3215 3214
f 3153 3154 3216
f 3153 3216 3215
f 3154 3155 3217
f 3154 3217 3216
f 3155 3156 3218
f 3155 3218 3217
f 3156 3157 3219
f 3156 3219 3218
f 3157 3158 3220
f 3157 3220 3219
f 3158 3159 3221
f 3158 3221 3220
f 3159 3160 3222
f 3159 3222 3221
f 3160 3161 3223
f 3160 3223 3222
f 3161 3162 3224
f 3161 3224 3223
f 3162 3163 3225
f 3162 3225 3224
f 3163 3164 3226
f 3163 3226 3225
f 3165 3166 3228
f 3165 3228 3227
f 3166 3167 3229
f 3166 3229 3228
f 3167 3168 3230
f 3167 3230 3229
f 3168 3169 3231
f 3168 3231 3230
f 3169 3170 3232
f 3169 3232 3231
f 3170 3171 3233
f 3170 3233 3232
f 3171 3172 3234
f 3171 3234 3233
f 3172 3173 3235
f 3172 3235 3234
f 3173 3174 3236
f 3173 3236 3235
f 3174 3175 3237
f 3174 3237 3236
f 3175 3176 3238
f 3175 3238 3237
f 3176 3177 3239
f 3176 3239 3238
f 3177 3178 3240
f 3177 3240 3239
f 3178 3179 3241
f 3178 3241 3240
f 3179 3180 3242
f 3179 3242 3241
f 3180 3181 3243
f 3180 3243 3242
f 3181 3182 3244
f 3181 3244 3243
f 3182 3183 3245
f 3182 3245 3244
f 3183 3184 3246
f 3183 3246 3245
f 3184 3185 3247
f 3184 3247 3246
f 3185 3186 3248
f 3185 3248 3247
f 3186 3187 3249
f 3186 3249 3248
f 3187 3188 3250
f 3187 3250 3249
f 3188 3189 3251
f 3188 3251 3250
f 3189 3190 3252
f 3189 3252 3251
f 3190 3191 3253
f 3190 3253 3252
f 3191 3192 3254
f 3191 3254 3253
f 3192 3193 3255
f 3192 3255 3254
f 3193 3194 3256
f 3193 3256 3255
f 3194 3195 3257
f 3194 3257 3256
f 3195 3196 3258
f 3195 3258 3257
f 3196 3197 3259
f 3196 3259 3258
f 3197 3198 3260
f 3197 3260 3259
f 3198 3199 3261
f 3198 3261 3260
f 3199 3200 3262
f 3199 3262 3261
f 3200 3201 3263
f 3200 3263 3262
f 3201 3202 3264
f 3201 3264 3263
f 3202 3203 3265
f 3202 3265 3264
f 3203 3204 3266
f 3203 3266 3265
f 3204 3205 3267
f 3204 3267 3266
f 3205 3206 3268
f 3205 3268 3267
f 3206 3207 3269
f 3206 3269 3268
f 3207 3208 3270
f 3207 3270 3269
f 3208 3209 3271
f 3208 3271 3270
f 3209 3210 3272
f 3209 3272 3271
f 3210 3211 3273
f 3210 3273 3272
f 3211 3212 3274
f 3211 3274 3273
f 3212 3213 3275
f 3212 3275 3274
f 3213 3214 3276
f 3213 3276 3275
f 3214 3215 3277
f 3214 3277 3276
f 3215 3216 3278
f 3215 3278 3277
f 3216 3217 3279
f 3216 3279 3278
f 3217 3218 3280
f 3217 3280 3279
f 3218 3219 3281
f 3218 3281 3280
f 3219 3220 3282
f 3219 3282 3281
f 3220 3221 3283
f 3220 3283 3282
f 3221 3222 3284
f 3221 3284 3283
f 3222 3223 3285
f 3222 3285 3284
f 3223 3224 3286
f 3223 3286 3285
f 3224 3225 3287
f 3224 3287 3286
f 3225 3226 3288
f 3225 3288 3287
f 3227 3228 3290
f 3227 3290 3289
f 3228 3229 3291
f 3228 3291 3290
f 3229 3230 3292
f 3229 3292 3291
f 3230 3231 3293
f 3230 3293 3292
f 3231 3232 3294
f 3231 3294 3293
f 3232 3233 3295
f 3232 3295 3294
f 3233 3234 3296
f 3233 3296 3295
f 3234 3235 3297
f 3234 3297 3296
f 3235 3236 3298
f 3235 3298 3297
f 3236 3237 3299
f 3236 3299 3298
f 3237 3238 3300
f 3237 3300 3299
f 3238 3239 3301
f 3238 3301 3300
f 3239 3240 3302
f 3239 3302 3301
f 3240 3241 3303
f 3240 3303 3302
f 3241 3242 3304
f 3241 3304 3303
f 3242 3243 3305
f 3242 3305 3304
f 3243 3244 3306
f 3243 3306 3305
f 3244 3245 3307
f 3244 3307 3306
f 3245 3246 3308
f 3245 3308 3307
f 3246 3247 3309
f 3246 3309 3308
f 3247 3248 3310
f 3247 3310 3309
f 3248 3249 3311
f 3248 3311 3310
f 3249 3250 3312
f 3249 3312 3311
f 3250 3251 3313
f 3250 3313 3312
f 3251 3252 3314
f 3251 3314 3313
f 3252 3253 3315
f 3252 3315 3314
f 3253 3254 3316
f 3253 3316 3315
f 3254 3255 3317
f 3254 3317 3316
f 3255 3256 3318
f 3255 3318 3317
f 3256 3257 3319
f 3256 3319 3318
f 3257 3258 3320
f 3257 3320 3319
f 3258 3259 3321
f 3258 3321 3320
f 3259 3260 3322
f 3259 3322 3321
f 3260 3261 3323
f 3260 3323 3322
f 3261 3262 3324
f 3261 3324 3323
f 3262 3263 3325
f 3262 3325 3324
f 3263 3264 3326
f 3263 3326 3325
f 3264 3265 3327
f 3264 3327 3326
f 3265 3266 3328
f 3265 3328 3327
f 3266 3267 3329
f 3266 3329 3328
f 3267 3268 3330
f 3267 3330 3329
f 3268 3269 3331
f 3268 3331 3330
f 3269 3270 3332
f 3269 3332 3331
f 3270 3271 3333
f 3270 3333 3332
f 3271 3272 3334
f 3271 3334 3333
f 3272 3273 3335
f 3272 3335 3334
f 3273 3274 3336
f 3273 3336 3335
f 3274 3275 3337
f 3274 3337 3336
f 3275 3276 3338
f 3275 3338 3337
f 3276 3277 3339
f 3276 3339 3338
f 3277 3278 3340
f 3277 3340 3339
f 3278 3279 3341
f 3278 3341 3340
f 3279 3280 3342
f 3279 3342 3341
f 3280 3281 3343
f 3280 3343 3342
f 3281 3282 3344
f 3281 3344 3343
f 3282 3283 3345
f 3282 3345 3344
f 3283 3284 3346
f 3283 3346 3345
f 3284 3285 3347
f 3284 3347 3346
f 3285 3286 3348
f 3285 3348 3347
f 3286 3287 3349
f 3286 3349 3348
f 3287 3288 3350
f 3287 3350 3349
f 3289 3290 3352
f 3289 3352 3351
f 3290 3291 3353
f 3290 3353 3352
f 3291 3292 3354
f 3291 3354 3353
f 3292 3293 3355
f 3292 3355 3354
f 3293 3294 3356
f 3293 3356 3355
f 3294 3295 3357
f 3294 3357 3356
f 3295 3296 3358
f 3295 3358 3357
f 3296 3297 3359
f 3296 3359 3358
f 3297 3298 3360
f 3297 3360 3359
f 3298 3299 3361
f 3298 3361 3360
f 3299 3300 3362
f 3299 3362 3361
f 3300 3301 3363
f 3300 3363 3362
f 3301 3302 3364
f 3301 3364 3363
f 3302 3303 3365
f 3302 3365 3364
f 3303 3304 3366
f 3303 3366 3365
f 3304 3305 3367
f 3304 3367 3366
f 3305 3306 3368
f 3305 3368 3367
f 3306 3307 3369
f 3306 3369 3368
f 3307 3308 3370
f 3307 3370 3369
f 3308 3309 3371
f 3308 3371 3370
f 3309 3310 3372
f 3309 3372 3371
f 3310 3311 3373
f 3310 3373 3372
f 3311 3312 3374
f 3311 3374 3373
f 3312 3313 3375
f 3312 3375 3374
f 3313 3314 3376
f 3313 3376 3375
f 3314 3315 3377
f 3314 3377 3376
f 3315 3316 3378
f 3315 3378 3377
f 3316 3317 3379
f 3316 3379 3378
f 3317 3318 3380
f 3317 3380 3379
f 3318 3319 3381
f 3318 3381 3380
f 3319 3320 3382
f 3319 3382 3381
f 3320 3321 3383
f 3320 3383 3382
f 3321 3322 3384
f 3321 3384 3383
f 3322 3323 3385
f 3322 3385 3384
f 3323 3324 3386
f 3323 3386 3385
f 3324 3325 3387
f 3324 3387 3386
f 3325 3326 3388
f 3325 3388 3387
f 3326 3327 3389
f 3326 3389 3388
f 3327 3328 3390
f 3327 3390 3389
f 3328 3329 3391
f 3328 3391 3390
f 3329 3330 3392
f 3329 3392 3391
f 3330 3331 3393
f 3330 3393 3392
f 3331 3332 3394
f 3331 3394 3393
f 3332 3333 3395
f 3332 3395 3394
f 3333 3334 3396
f 3333 3396 3395
f 3334 3335 3397
f 3334 3397 3396
f 3335 3336 3398
f 3335 3398 3397
f 3336 3337 3399
f 3336 3399 3398
f 3337 3338 3400
f 3337 3400 3399
f 3338 3339 3401
f 3338 3401 3400
f 3339 3340 3402
f 3339 3402 3401
f 3340 3341 3403
f 3340 3403 3402
f 3341 3342 3404
f 3341 3404 3403
f 3342 3343 3405
f 3342 3405 3404
f 3343 3344 3406
f 3343 3406 3405
f 3344 3345 3407
f 3344 3407 3406
f 3345 3346 3408
f 3345 3408 3407
f 3346 3347 3409
f 3346 3409 3408
f 3347 3348 3410
f 3347 3410 3409
f 3348 3349 3411
f 3348 3411 3410
f 3349 3350 3412
f 3349 3412 3411
f 3351 3352 3414
f 3351 3414 3413
f 3352 3353 3415
f 3352 3415 3414
f 3353 3354 3416
f 3353 3416 3415
f 3354 3355 3417
f 3354 3417 3416
f 3355 3356 3418
f 3355 3418 3417
f 3356 3357 3419
f 3356 3419 3418
f 3357 3358 3420
f 3357 3420 3419
f 3358 3359 3421
f 3358 3421 3420
f 3359 3360 3422
f 3359 3422 3421
f 3360 3361 3423
f 3360 3423 3422
f 3361 3362 3424
f 3361 3424 3423
f 3362 3363 3425
f 3362 3425 3424
f 3363 3364 3426
f 3363 3426 3425
f 3364 3365 3427
f 3364 3427 3426
f 3365 3366 3428
f 3365 3428 3427
f 3366 3367 3429
f 3366 3429 3428
f 3367 3368 3430
f 3367 3430 3429
f 3368 3369 3431
f 3368 3431 3430
f 3369 3370 3432
f 3369 3432 3431
f 3370 3371 3433
f 3370 3433 3432
f 3371 3372 3434
f 3371 3434 3433
f 3372 3373 3435
f 3372 3435 3434
f 3373 3374 3436
f 3373 3436 3435
f 3374 3375 3437
f 3374 3437 3436
f 3375 3376 3438
f 3375 3438 3437
f 3376 3377 3439
f 3376 3439 3438
f 3377 3378 3440
f 3377 3440 3439
f 3378 3379 3441
f 3378 3441 3440
f 3379 3380 3442
f 3379 3442 3441
f 3380 3381 3443
f 3380 3443 3442
f 3381 3382 3444
f 3381 3444 3443
f 3382 3383 3445
f 3382 3445 3444
f 3383 3384 3446
f 3383 3446 3445
f 3384 3385 3447
f 3384 3447 3446
f 3385 3386 3448
f 3385 3448 3447
f 3386 3387 3449
f 3386 3449 3448
f 3387 3388 3450
f 3387 3450 3449
f 3388 3389 3451
f 3388 3451 3450
f 3389 3390 3452
f 3389 3452 3451
f 3390 3391 3453
f 3390 3453 3452
f 3391 3392 3454
f 3391 3454 3453
f 3392 3393 3455
f 3392 3455 3454
f 3393 3394 3456
f 3393 3456 3455
f 3394 3395 3457
f 3394 3457 3456
f 3395 3396 3458
f 3395 3458 3457
f 3396 3397 3459
f 3396 3459 3458
f 3397 3398 3460
f 3397 3460 3459
f 3398 3399 3461
f 3398 3461 3460
f 3399 3400 3462
f 3399 3462 3461
f 3400 3401 3463
f 3400 3463 3462
f 3401 3402 3464
f 3401 3464 3463
f 3402 3403 3465
f 3402 3465 3464
f 3403 3404 3466
f 3403 3466 3465
f 3404 3405 3467
f 3404 3467 3466
f 3405 3406 3468
f 3405 3468 3467
f 3406 3407 3469
f 3406 3469 3468
f 3407 3408 3470
f 3407 3470 3469
f 3408 3409 3471
f 3408 3471 3470
f 3409 3410 3472
f 3409 3472 3471
f 3410 3411 3473
f 3410 3473 3472
f 3411 3412 3474
f 3411 3474 3473
f 3413 3414 3476
f 3413 3476 3475
f 3414 3415 3477
f 3414 3477 3476
f 3415 3416 3478
f 3415 3478 3477
f 3416 3417 3479
f 3416 3479 3478
f 3417 3418 3480
f 3417 3480 3479
f 3418 3419 3481
f 3418 3481 3480
f 3419 3420 3482
f 3419 3482 3481
f 3420 3421 3483
f 3420 3483 3482
f 3421 3422 3484
f 3421 3484 3483
f 3422 3423 3485
f 3422 3485 3484
f 3423 3424 3486
f 3423 3486 3485
f 3424 3425 3487
f 3424 3487 3486
f 3425 3426 3488
f 3425 3488 3487
f 3426 3427 3489
f 3426 3489 3488
f 3427 3428 3490
f 3427 3490 3489
f 3428 3429 3491
f 3428 3491 3490
f 3429 3430 3492
f 3429 3492 3491
f 3430 3431 3493
f 3430 3493 3492
f 3431 3432 3494
f 3431 3494 3493
f 3432 3433 3495
f 3432 3495 3494
f 3433 3434 3496
f 3433 3496 3495
f 3434 3435 3497
f 3434 3497 3496
f 3435 3436 3498
f 3435 3498 3497
f 3436 3437 3499
f 3436 3499 3498
f 3437 3438 3500
f 3437 3500 3499
f 3438 3439 3501
f 3438 3501 3500
f 3439 3440 3502
f 3439 3502 3501
f 3440 3441 3503
f 3440 3503 3502
f 3441 3442 3504
f 3441 3504 3503
f 3442 3443 3505
f 3442 3505 3504
f 3443 3444 3506
f 3443 3506 3505
f 3444 3445 3507
f 3444 3507 3506
f 3445 3446 3508
f 3445 3508 3507
f 3446 3447 3509
f 3446 3509 3508
f 3447 3448 3510
f 3447 3510 3509
f 3448 3449 3511
f 3448 3511 3510
f 3449 3450 3512
f 3449 3512 3511
f 3450 3451 3513
f 3450 3513 3512
f 3451 3452 3514
f 3451 3514 3513
f 3452 3453 3515
f 3452 3515 3514
f 3453 3454 3516
f 3453 3516 3515
f 3454 3455 3517
f 3454 3517 3516
f 3455 3456 3518
f 3455 3518 3517
f 3456 3457 3519
f 3456 3519 3518
f 3457 3458 3520
f 3457 3520 3519
f 3458 3459 3521
f 3458 3521 3520
f 3459 3460 3522
f 3459 3522 3521
f 3460 3461 3523
f 3460 3523 3522
f 3461 3462 3524
f 3461 3524 3523
f 3462 3463 3525
f 3462 3525 3524
f 3463 3464 3526
f 3463 3526 3525
f 3464 3465 3527
f 3464 3527 3526
f 3465 3466 3528
f 3465 3528 3527
f 3466 3467 3529
f 3466 3529 3528
f 3467 3468 3530
f 3467 3530 3529
f 3468 3469 3531
f 3468 3531 3530
f 3469 3470 3532
f 3469 3532 3531
f 3470 3471 3533
f 3470 3533 3532
f 3471 3472 3534
f 3471 3534 3533
f 3472 3473 3535
f 3472 3535 3534
f 3473 3474 3536
f 3473 3536 3535
f 3475 3476 3538
f 3475 3538 3537
f 3476 3477 3539
f 3476 3539 3538
f 3477 3478 3540
f 3477 3540 3539
f 3478 3479 3541
f 3478 3541 3540
f 3479 3480 3542
f 3479 3542 3541
f 3480 3481 3543
f 3480 3543 3542
f 3481 3482 3544
f 3481 3544 3543
f 3482 3483 3545
f 3482 3545 3544
f 3483 3484 3546
f 3483 3546 3545
f 3484 3485 3547
f 3484 3547 3546
f 3485 3486 3548
f 3485 3548 3547
f 3486 3487 3549
f 3486 3549 3548
f 3487 3488 3550
f 3487 3550 3549
f 3488 3489 3551
f 3488 3551 3550
f 3489 3490 3552
f 3489 3552 3551
f 3490 3491 3553
f 3490 3553 3552
f 3491 3492 3554
f 3491 3554 3553
f 3492 3493 3555
f 3492 3555 3554
f 3493 3494 3556
f 3493 3556 3555
f 3494 3495 3557
f 3494 3557 3556
f 3495 3496 3558
f 3495 3558 3557
f 3496 3497 3559
f 3496 3559 3558
f 3497 3498 3560
f 3497 3560 3559
f 3498 3499 3561
f 3498 3561 3560
f 3499 3500 3562
f 3499 3562 3561
f 3500 3501 3563
f 3500 3563 3562
f 3501 3502 3564
f 3501 3564 3563
f 3502 3503 3565
f 3502 3565 3564
f 3503 3504 3566
f 3503 3566 3565
f 3504 3505 3567
f 3504 3567 3566
f 3505 3506 3568
f 3505 3568 3567
f 3506 3507 3569
f 3506 3569 3568
f 3507 3508 3570
f 3507 3570 3569
f 3508 3509 3571
f 3508 3571 3570
f 3509 3510 3572
f 3509 3572 3571
f 3510 3511 3573
f 3510 3573 3572
f 3511 3512 3574
f 3511 3574 3573
f 3512 3513 3575
f 3512 3575 3574
f 3513 3514 3576
f 3513 3576 3575
f 3514 3515 3577
f 3514 3577 3576
f 3515 3516 3578
f 3515 3578 3577
f 3516 3517 3579
f 3516 3579 3578
f 3517 3518 3580
f 3517 3580 3579
f 3518 3519 3581
f 3518 3581 3580
f 3519 3520 3582
f 3519 3582 3581
f 3520 3521 3583
f 3520 3583 3582
f 3521 3522 3584
f 3521 3584 3583
f 3522 3523 3585
f 3522 3585 3584
f 3523 3524 3586
f 3523 3586 3585
f 3524 3525 3587
f 3524 3587 3586
f 3525 3526 3588
f 3525 3588 3587
f 3526 3527 3589
f 3526 3589 3588
f 3527 3528 3590
f 3527 3590 3589
f 3528 3529 3591
f 3528 3591 3590
f 3529 3530 3592
f 3529 3592 3591
f 3530 3531 3593
f 3530 3593 3592
f 3531 3532 3594
f 3531 3594 3593
f 3532 3533 3595
f 3532 3595 3594
f 3533 3534 3596
f 3533 3596 3595
f 3534 3535 3597
f 3534 3597 3596
f 3535 3536 3598
f 3535 3598 3597
f 3537 3538 3600
f 3537 3600 3599
f 3538 3539 3601
f 3538 3601 3600
f 3539 3540 3602
f 3539 3602 3601
f 3540 3541 3603
f 3540 3603 3602
f 3541 3542 3604
f 3541 3604 3603
f 3542 3543 3605
f 3542 3605 3604
f 3543 3544 3606
f 3543 3606 3605
f 3544 3545 3607
f 3544 3607 3606
f 3545 3546 3608
f 3545 3608 3607
f 3546 3547 3609
f 3546 3609 3608
f 3547 3548 3610
f 3547 3610 3609
f 3548 3549 3611
f 3548 3611 3610
f 3549 3550 3612
f 3549 3612 3611
f 3550 3551 3613
f 3550 3613 3612
f 3551 3552 3614
f 3551 3614 3613
f 3552 3553 3615
f 3552 3615 3614
f 3553 3554 3616
f 3553 3616 3615
f 3554 3555 3617
f 3554 3617 3616
f 3555 3556 3618
f 3555 3618 3617
f 3556 3557 3619
f 3556 3619 3618
f 3557 3558 3620
f 3557 3620 3619
f 3558 3559 3621
f 3558 3621 3620
f 3559 3560 3622
f 3559 3622 3621
f 3560 3561 3623
f 3560 3623 3622
f 3561 3562 3624
f 3561 3624 3623
f 3562 3563 3625
f 3562 3625 3624
f 3563 3564 3626
f 3563 3626 3625
f 3564 3565 3627
f 3564 3627 3626
f 3565 3566 3628
f 3565 3628 3627
f 3566 3567 3629
f 3566 3629 3628
f 3567 3568 3630
f 3567 3630 3629
f 3568 3569 3631
f 3568 3631 3630
f 3569 3570 3632
f 3569 3632 3631
f 3570 3571 3633
f 3570 3633 3632
f 3571 3572 3634
f 3571 3634 3633
f 3572 3573 3635
f 3572 3635 3634
f 3573 3574 3636
f 3573 3636 3635
f 3574 3575 3637
f 3574 3637 3636
f 3575 3576 3638
f 3575 3638 3637
f 3576 3577 3639
f 3576 3639 3638
f 3577 3578 3640
f 3577 3640 3639
f 3578 3579 3641
f 3578 3641 3640
f 3579 3580 3642
f 3579 3642 3641
f 3580 3581 3643
f 3580 3643 3642
f 3581 3582 3644
f 3581 3644 3643
f 3582 3583 3645
f 3582 3645 3644
f 3583 3584 3646
f 3583 3646 3645
f 3584 3585 3647
f 3584 3647 3646
f 3585 3586 3648
f 3585 3648 3647
f 3586 3587 3649
f 3586 3649 3648
f 3587 3588 3650
f 3587 3650 3649
f 3588 3589 3651
f 3588 3651 3650
f 3589 3590 3652
f 3589 3652 3651
f 3590 3591 3653
f 3590 3653 3652
f 3591 3592 3654
f 3591 3654 3653
f 3592 3593 3655
f 3592 3655 3654
f 3593 3594 3656
f 3593 3656 3655
f 3594 3595 3657
f 3594 3657 3656
f 3595 3596 3658
f 3595 3658 3657
f 3596 3597 3659
f 3596 3659 3658
f 3597 3598 3660
f 3597 3660 3659
f 3599 3600 3662
f 3599 3662 3661
f 3600 3601 3663
f 3600 3663 3662
f 3601 3602 3664
f 3601 3664 3663
f 3602 3603 3665
f 3602 3665 3664
f 3603 3604 3666
f 3603 3666 3665
f 3604 3605 3667
f 3604 3667 3666
f 3605 3606 3668
f 3605 3668 3667
f 3606 3607 3669
f 3606 3669 3668
f 3607 3608 3670
f 3607 3670 3669
f 3608 3609 3671
f 3608 3671 3670
f 3609 3610 3672
f 3609 3672 3671
f 3610 3611 3673
f 3610 3673 3672
f 3611 3612 3674
f 3611 3674 3673
f 3612 3613 3675
f 3612 3675 3674
f 3613 3614 3676
f 3613 3676 3675
f 3614 3615 3677
f 3614 3677 3676
f 3615 3616 3678
f 3615 3678 3677
f 3616 3617 3679
f 3616 3679 3678
f 3617 3618 3680
f 3617 3680 3679
f 3618 3619 3681
f 3618 3681 3680
f 3619 3620 3682
f 3619 3682 3681
f 3620 3621 3683
f 3620 3683 3682
f 3621 3622 3684
f 3621 3684 3683
f 3622 3623 3685
f 3622 3685 3684
f 3623 3624 3686
f 3623 3686 3685
f 3624 3625 3687
f 3624 3687 3686
f 3625 3626 3688
f 3625 3688 3687
f 3626 3627 3689
f 3626 3689 3688
f 3627 3628 3690
f 3627 3690 3689
f 3628 3629 3691
f 3628 3691 3690
f 3629 3630 3692
f 3629 3692 3691
f 3630 3631 3693
f 3630 3693 3692
f 3631 3632 3694
f 3631 3694 3693
f 3632 3633 3695
f 3632 3695 3694
f 3633 3634 3696
f 3633 3696 3695
f 3634 3635 3697
f 3634 3697 3696
f 3635 3636 3698
f 3635 3698 3697
f 3636 3637 3699
f 3636 3699 3698
f 3637 3638 3700
f 3637 3700 3699
f 3638 3639 3701
f 3638 3701 3700
f 3639 3640 3702
f 3639 3702 3701
f 3640 3641 3703
f 3640 3703 3702
f 3641 3642 3704
f 3641 3704 3703
f 3642 3643 3705
f 3642 3705 3704
f 3643 3644 3706
f 3643 3706 3705
f 3644 3645 3707
f 3644 3707 3706
f 3645 3646 3708
f 3645 3708 3707
f 3646 3647 3709
f 3646 3709 3708
f 3647 3648 3710
f 3647 3710 3709
f 3648 3649 3711
f 3648 3711 3710
f 3649 3650 3712
f 3649 3712 3711
f 3650 3651 3713
f 3650 3713 3712
f 3651 3652 3714
f 3651 3714 3713
f 3652 3653 3715
f 3652 3715 3714
f 3653 3654 3716
f 3653 3716 3715
f 3654 3655 3717
f 3654 3717 3716
f 3655 3656 3718
f 3655 3718 3717
f 3656 3657 3719
f 3656 3719 3718
f 3657 3658 3720
f 3657 3720 3719
f 3658 3659 3721
f 3658 3721 3720
f 3659 3660 3722
f 3659 3722 3721
f 3661 3662 3724
f 3661 3724 3723
f 3662 3663 3725
f 3662 3725 3724
f 3663 3664 3726
f 3663 3726 3725
f 3664 3665 3727
f 3664 3727 3726
f 3665 3666 3728
f 3665 3728 3727
f 3666 3667 3729
f 3666 3729 3728
f 3667 3668 3730
f 3667 3730 3729
f 3668 3669 3731
f 3668 3731 3730
f 3669 3670 3732
f 3669 3732 3731
f 3670 3671 3733
f 3670 3733 3732
f 3671 3672 3734
f 3671 3734 3733
f 3672 3673 3735
f 3672 3735 3734
f 3673 3674 3736
f 3673 3736 3735
f 3674 3675 3737
f 3674 3737 3736
f 3675 3676 3738
f 3675 3738 3737
f 3676 3677 3739
f 3676 3739 3738
f 3677 3678 3740
f 3677 3740 3739
f 3678 3679 3741
f 3678 3741 3740
f 3679 3680 3742
f 3679 3742 3741
f 3680 3681 3743
f 3680 3743 3742
f 3681 3682 3744
f 3681 3744 3743
f 3682 3683 3745
f 3682 3745 3744
f 3683 3684 3746
f 3683 3746 3745
f 3684 3685 3747
f 3684 3747 3746
f 3685 3686 3748
f 3685 3748 3747
f 3686 3687 3749
f 3686 3749 3748
f 3687 3688 3750
f 3687 3750 3749
f 3688 3689 3751
f 3688 3751 3750
f 3689 3690 3752
f 3689 3752 3751
f 3690 3691 3753
f 3690 3753 3752
f 3691 3692 3754
f 3691 3754 3753
f 3692 3693 3755
f 3692 3755 3754
f 3693 3694 3756
f 3693 3756 3755
f 3694 3695 3757
f 3694 3757 3756
f 3695 3696 3758
f 3695 3758 3757
f 3696 3697 3759
f 3696 3759 3758
f 3697 3698 3760
f 3697 3760 3759
f 3698 3699 3761
f 3698 3761 3760
f 3699 3700 3762
f 3699 3762 3761
f 3700 3701 3763
f 3700 3763 3762
f 3701 3702 3764
f 3701 3764 3763
f 3702 3703 3765
f 3702 3765 3764
f 3703 3704 3766
f 3703 3766 3765
f 3704 3705 3767
f 3704 3767 3766
f 3705 3706 3768
f 3705 3768 3767
f 3706 3707 3769
f 3706 3769 3768
f 3707 3708 3770
f 3707 3770 3769
f 3708 3709 3771
f 3708 3771 3770
f 3709 3710 3772
f 3709 3772 3771
f 3710 3711 3773
f 3710 3773 3772
f 3711 3712 3774
f 3711 3774 3773
f 3712 3713 3775
f 3712 3775 3774
f 3713 3714 3776
f 3713 3776 3775
f 3714 3715 3777
f 3714 3777 3776
f 3715 3716 3778
f 3715 3778 3777
f 3716 3717 3779
f 3716 3779 3778
f 3717 3718 3780
f 3717 3780 3779
f 3718 3719 3781
f 3718 3781 3780
f 3719 3720 3782
f 3719 3782 3781
f 3720 3721 3783
f 3720 3783 3782
f 3721 3722 3784
f 3721 3784 3783
f 3723 3724 3786
f 3723 3786 3785
f 3724 3725 3787
f 3724 3787 3786
f 3725 3726 3788
f 3725 3788 3787
f 3726 3727 3789
f 3726 3789 3788
f 3727 3728 3790
f 3727 3790 3789
f 3728 3729 3791
f 3728 3791 3790
f 3729 3730 3792
f 3729 3792 3791
f 3730 3731 3793
f 3730 3793 3792
f 3731 3732 3794
f 3731 3794 3793
f 3732 3733 3795
f 3732 3795 3794
f 3733 3734 3796
f 3733 3796 3795
f 3734 3735 3797
f 3734 3797 3796
f 3735 3736 3798
f 3735 3798 3797
f 3736 3737 3799
f 3736 3799 3798
f 3737 3738 3800
f 3737 3800 3799
f 3738 3739 3801
f 3738 3801 3800
f 3739 3740 3802
f 3739 3802 3801
f 3740 3741 3803
f 3740 3803 3802
f 3741 3742 3804
f 3741 3804 3803
f 3742 3743 3805
f 3742 3805 3804
f 3743 3744 3806
f 3743 3806 3805
f 3744 3745 3807
f 3744 3807 3806
f 3745 3746 3808
f 3745 3808 3807
f 3746 3747 3809
f 3746 3809 3808
f 3747 3748 3810
f 3747 3810 3809
f 3748 3749 3811
f 3748 3811 3810
f 3749 3750 3812
f 3749 3812 3811
f 3750 3751 3813
f 3750 3813 3812
f 3751 3752 3814
f 3751 3814 3813
f 3752 3753 3815
f 3752 3815 3814
f 3753 3754 3816
f 3753 3816 3815
f 3754 3755 3817
f 3754 3817 3816
f 3755 3756 3818
f 3755 3818 3817
f 3756 3757 3819
f 3756 3819 3818
f 3757 3758 3820
f 3757 3820 3819
f 3758 3759 3821
f 3758 3821 3820
f 3759 3760 3822
f 3759 3822 3821
f 3760 3761 3823
f 3760 3823 3822
f 3761 3762 3824
f 3761 3824 3823
f 3762 3763 3825
f 3762 3825 3824
f 3763 3764 3826
f 3763 3826 3825
f 3764 3765 3827
f 3764 3827 3826
f 3765 3766 3828
f 3765 3828 3827
f 3766 3767 3829
f 3766 3829 3828
f 3767 3768 3830
f 3767 3830 3829
f 3768 3769 3831
f 3768 3831 3830
f 3769 3770 3832
f 3769 3832 3831
f 3770 3771 3833
f 3770 3833 3832
f 3771 3772 3834
f 3771 3834 3833
f 3772 3773 3835
f 3772 3835 3834
f 3773 3774 3836
f 3773 3836 3835
f 3774 3775 3837
f 3774 3837 3836
f 3775 3776 3838
f 3775 3838 3837
f 3776 3777 3839
f 3776 3839 3838
f 3777 3778 3840
f 3777 3840 3839
f 3778 3779 3841
f 3778 3841 3840
f 3779 3780 3842
f 3779 3842 3841
f 3780 3781 3843
f 3780 3843 3842
f 3781 3782 3844
f 3781 3844 3843
f 3782 3783 3845
f 3782 3845 3844
f 3783 3784 3846
f 3783 3846 3845
f 3785 3786 3848
f 3785 3848 3847
f 3786 3787 3849
f 3786 3849 3848
f 3787 3788 3850
f 3787 3850 3849
f 3788 3789 3851
f 3788 3851 3850
f 3789 3790 3852
f 3789 3852 3851
f 3790 3791 3853
f 3790 3853 3852
f 3791 3792 3854
f 3791 3854 3853
f 3792 3793 3855
f 3792 3855 3854
f 3793 3794 3856
f 3793 3856 3855
f 3794 3795 3857
f 3794 3857 3856
f 3795 3796 3858
f 3795 3858 3857
f 3796 3797 3859
f 3796 3859 3858
f 3797 3798 3860
f 3797 3860 3859
f 3798 3799 3861
f 3798 3861 3860
f 3799 3800 3862
f 3799 3862 3861
f 3800 3801 3863
f 3800 3863 3862
f 3801 3802 3864
f 3801 3864 3863
f 3802 3803 3865
f 3802 3865 3864
f 3803 3804 3866
f 3803 3866 3865
f 3804 3805 3867
f 3804 3867 3866
f 3805 3806 3868
f 3805 3868 3867
f 3806 3807 3869
f 3806 3869 3868
f 3807 3808 3870
f 3807 3870 3869
f 3808 3809 3871
f 3808 3871 3870
f 3809 3810 3872
f 3809 3872 3871
f 3810 3811 3873
f 3810 3873 3872
f 3811 3812 3874
f 3811 3874 3873
f 3812 3813 3875
f 3812 3875 3874
f 3813 3814 3876
f 3813 3876 3875
f 3814 3815 3877
f 3814 3877 3876
f 3815 3816 3878
f 3815 3878 3877
f 3816 3817 3879
f 3816 3879 3878
f 3817 3818 3880
f 3817 3880 3879
f 3818 3819 3881
f 3818 3881 3880
f 3819 3820 3882
f 3819 3882 3881
f 3820 3821 3883
f 3820 3883 3882
f 3821 3822 3884
f 3821 3884 3883
f 3822 3823 3885
f 3822 3885 3884
f 3823 3824 3886
f 3823 3886 3885
f 3824 3825 3887
f 3824 3887 3886
f 3825 3826 3888
f 3825 3888 3887
f 3826 3827 3889
f 3826 3889 3888
f 3827 3828 3890
f 3827 3890 3889
f 3828 3829 3891
f 3828 3891 3890
f 3829 3830 3892
f 3829 3892 3891
f 3830 3831 3893
f 3830 3893 3892
f 3831 3832 3894
f 3831 3894 3893
f 3832 3833 3895
f 3832 3895 3894
f 3833 3834 3896
f 3833 3896 3895
f 3834 3835 3897
f 3834 3897 3896
f 3835 3836 3898
f 3835 3898 3897
f 3836 3837 3899
f 3836 3899 3898
f 3837 3838 3900
f 3837 3900 3899
f 3838 3839 3901
f 3838 3901 3900
f 3839 3840 3902
f 3839 3902 3901
f 3840 3841 3903
f 3840 3903 3902
f 3841 3842 3904
f 3841 3904 3903
f 3842 3843 3905
f 3842 3905 3904
f 3843 3844 3906
f 3843 3906 3905
f 3844 3845 3907
f 3844 3907 3906
f 3845 3846 3908
f 3845 3908 3907
f 3847 3848 3910
f 3847 3910 3909
f 3848 3849 3911
f 3848 3911 3910
f 3849 3850 3912
f 3849 3912 3911
f 3850 3851 3913
f 3850 3913 3912
f 3851 3852 3914
f 3851 3914 3913
f 3852 3853 3915
f 3852 3915 3914
f 3853 3854 3916
f 3853 3916 3915
f 3854 3855 3917
f 3854 3917 3916
f 3855 3856 3918
f 3855 3918 3917
f 3856 3857 3919
f 3856 3919 3918
f 3857 3858 3920
f 3857 3920 3919
f 3858 3859 3921
f 3858 3921 3920
f 3859 3860 3922
f 3859 3922 3921
f 3860 3861 3923
f 3860 3923 3922
f 3861 3862 3924
f 3861 3924 3923
f 3862 3863 3925
f 3862 3925 3924
f 3863 3864 3926
f 3863 3926 3925
f 3864 3865 3927
f 3864 3927 3926
f 3865 3866 3928
f 3865 3928 3927
f 3866 3867 3929
f 3866 3929 3928
f 3867 3868 3930
f 3867 3930 3929
f 3868 3869 3931
f 3868 3931 3930
f 3869 3870 3932
f 3869 3932 3931
f 3870 3871 3933
f 3870 3933 3932
f 3871 3872 3934
f 3871 3934 3933
f 3872 3873 3935
f 3872 3935 3934
f 3873 3874 3936
f 3873 3936 3935
f 3874 3875 3937
f 3874 3937 3936
f 3875 3876 3938
f 3875 3938 3937
f 3876 3877 3939
f 3876 3939 3938
f 3877 3878 3940
f 3877 3940 3939
f 3878 3879 3941
f 3878 3941 3940
f 3879 3880 3942
f 3879 3942 3941
f 3880 3881 3943
f 3880 3943 3942
f 3881 3882 3944
f 3881 3944 3943
f 3882 3883 3945
f 3882 3945 3944
f 3883 3884 3946
f 3883 3946 3945
f 3884 3885 3947
f 3884 3947 3946
f 3885 3886 3948
f 3885 3948 3947
f 3886 3887 3949
f 3886 3949 3948
f 3887 3888 3950
f 3887 3950 3949
f 3888 3889 3951
f 3888 3951 3950
f 3889 3890 3952
f 3889 3952 3951
f 3890 3891 3953
f 3890 3953 3952
f 3891 3892 3954
f 3891 3954 3953
f 3892 3893 3955
f 3892 3955 3954
f 3893 3894 3956
f 3893 3956 3955
f 3894 3895 3957
f 3894 3957 3956
f 3895 3896 3958
f 3895 3958 3957
f 3896 3897 3959
f 3896 3959 3958
f 3897 3898 3960
f 3897 3960 3959
f 3898 3899 3961
f 3898 3961 3960
f 3899 3900 3962
f 3899 3962 3961
f 3900 3901 3963
f 3900 3963 3962
f 3901 3902 3964
f 3901 3964 3963
f 3902 3903 3965
f 3902 3965 3964
f 3903 3904 3966
f 3903 3966 3965
f 3904 3905 3967
f 3904 3967 3966
f 3905 3906 3968
f 3905 3968 3967
f 3906 3907 3969
f 3906 3969 3968
f 3907 3908 3970
f 3907 3970 3969
f 3909 3910 4
f 3909 4 3
f 3910 3911 5
f 3910 5 4
f 3911 3912 6
f 3911 6 5
f 3912 3913 7
f 3912 7 6
f 3913 3914 8
f 3913 8 7
f 3914 3915 9
f 3914 9 8
f 3915 3916 10
f 3915 10 9
f 3916 3917 11
f 3916 11 10
f 3917 3918 12
f 3917 12 11
f 3918 3919 13
f 3918 13 12
f 3919 3920 14
f 3919 14 13
f 3920 3921 15
f 3920 15 14
f 3921 3922 16
f 3921 16 15
f 3922 3923 17
f 3922 17 16
f 3923 3924 18
f 3923 18 17
f 3924 3925 19
f 3924 19 18
f 3925 3926 20
f 3925 20 19
f 3926 3927 21
f 3926 21 20
f 3927 3928 22
f 3927 22 21
f 3928 3929 23
f 3928 23 22
f 3929 3930 24
f 3929 24 23
f 3930 3931 25
f 3930 25 24
f 3931 3932 26
f 3931 26 25
f 3932 3933 27
f 3932 27 26
f 3933 3934 28
f 3933 28 27
f 3934 3935 29
f 3934 29 28
f 3935 3936 30
f 3935 30 29
f 3936 3937 31
f 3936 31 30
f 3937 3938 32
f 3937 32 31
f 3938 3939 33
f 3938 33 32
f 3939 3940 34
f 3939 34 33
f 3940 3941 35
f 3940 35 34
f 3941 3942 36
f 3941 36 35
f 3942 3943 37
f 3942 37 36
f 3943 3944 38
f 3943 38 37
f 3944 3945 39
f 3944 39 38
f 3945 3946 40
f 3945 40 39
f 3946 3947 41
f 3946 41 40
f 3947 3948 42
f 3947 42 41
f 3948 3949 43
f 3948 43 42
f 3949 3950 44
f 3949 44 43
f 3950 3951 45
f 3950 45 44
f 3951 3952 46
f 3951 46 45
f 3952 3953 47
f 3952 47 46
f 3953 3954 48
f 3953 48 47
f 3954 3955 49
f 3954 49 48
f 3955 3956 50
f 3955 50 49
f 3956 3957 51
f 3956 51 50
f 3957 3958 52
f 3957 52 51
f 3958 3959 53
f 3958 53 52
f 3959 3960 54
f 3959 54 53
f 3960 3961 55
f 3960 55 54
f 3961 3962 56
f 3961 56 55
f 3962 3963 57
f 3962 57 56
f 3963 3964 58
f 3963 58 57
f 3964 3965 59
f 3964 59 58
f 3965 3966 60
f 3965 60 59
f 3966 3967 61
f 3966 61 60
f 3967 3968 62
f 3967 62 61
f 3968 3969 63
f 3968 63 62
f 3969 3970 64
f 3969 64 63

